BookID,Title,Authors,Price,Quantity
0,Goat Brothers,"By Colton, Larry",8.79,22
1,The Missing Person,"By Grumbach, Doris",4.99,20
2,Don't Eat Your Heart Out Cookbook,"By Piscatella, Joseph C.",4.99,20
3,When Your Corporate Umbrella Begins to Leak: A Handbook for White Collar Re-Employment,"By Davis, Paul D.",4.99,20
4,Amy Spangler's Breastfeeding : A Parent's Guide,"By Spangler, Amy",5.32,20
5,The Foundation of Leadership: Enduring Principles to Govern Our Lives,"By Short, Bo",6.06,19
6,Chicken Soup for the Soul: 101 Stories to Open the Heart and Rekindle the Spirit,"By Canfield, Jack (COM) and Hansen, Mark Victor (COM)",4.99,19
7,Journey Through Heartsongs,"By Stepanek, Mattie J. T.",19.96,19
8,In Search of Melancholy Baby,"By Aksyonov, Vassily, Heim, Michael Henry, and Bouis, Antonina W.",4.99,19
9,Christmas Cookies,"By Eakin, Katherine M. and Deaman, Joane (EDT)",12.98,19
10,The Dieter's Guide to Weight Loss During Sex,"By Smith, Richard",4.99,19
11,Germs : Biological Weapons and America's Secret War,"By Miller, Judith, Engelberg, Stephen, and Broad, William J.",4.99,19
12,The Genesis of Ethics,"By Visotzky, Burton L.",4.99,19
13,The Good Book: Reading the Bible with Mind and Heart,"By Gomes, Peter J.",5.29,19
14,All over but the Shoutin',"By Bragg, Rick",4.89,19
15,Oilers and Sweepers and Other Stories,"By Dennison, George",5.0,19
16,Prince William,"By Garner, Valerie",4.99,19
17,The Emperor's New Mind,"By Penrose, Roger",4.99,19
18,Touching Fire: Erotic Writings by Women,"By Thornton, Louise, Sturtevant, Jan, and Sumrall, Amber Coverdale (EDT)",5.29,19
19,Hill Rat: Blowing the Lid Off Congress,"By Jackley, John L.",4.99,19
20,The Great ABC Treasure Hunt: A Hidden Picture Alphabet Book (Time-Life Early Learning Program),"By Time-Life for Children (Firm) (COR), Singer, Muff, and Hoggan, Pat (ILT)",5.29,19
21,Personality of the Cat,"By Aymar, Brandt (EDT)",5.41,19
22,Murdering Mr. Monti: A Merry Little Tale of Sex and Violence,"By Viorst, Judith",5.29,19
23,In Re Alger Hiss:  Petition for a Writ of Error Coram Nobis,By Edith Tiger,10.99,19
24,Black Holes and Baby Universes and Other Essays,"By Hawking, Stephen W.",5.29,19
25,Relativity: The Special and the General Theory,By Albert Einstein,8.79,19
26,Betrayal : How the Clinton Administration Undermined American Security,"By Gertz, Bill",4.99,19
27,Shadow Song,"By Kay, Terry",4.99,19
28,Undercurrents: A Therapist's Reckoning With Her Own Depression,"By Manning, Martha",5.29,18
29,The Road Less Traveled and Beyond: Spiritual Growth in an Age of Anxiety,"By Peck, M. Scott",4.99,18
30,The Kiss: A Memoir,"By Harrison, Kathryn",5.29,18
31,Codebreakers' Victory: How the Allied Cryptogaphers Won World War II,"By Haufler, Hervie",5.29,18
32,"A Manual for Writers of Term Papers, Theses, and Dissertations, Fifth Edition","By Turabian, Kate L.",4.99,18
33,"The Price of Loyalty: George W. Bush, the White House, and the Education of Paul O'Neill","By Suskind, Ron",8.79,18
34,Best New American Voices 2003,"By Kulka, John (EDT), Danford, Natalie (EDT), and Oates, Joyce Carol (EDT)",5.29,18
35,Escape from the CIA: How the CIA Won and Lost the Most Important KGB Spy Ever to Defect to the U.S.,"By Kessler, Ronald",5.29,18
36,Meditations: On the Monk Who Dwells in Daily Life,"By Moore, Thomas",4.99,18
37,Links Lore,"By Stevens, Peter F.",5.29,18
38,Jackie by Josie: A Novel,"By Preston, Caroline",4.99,18
39,Joshua and the City,"By Girzone, Joseph F.",5.29,17
40,The Book of Courtly Love: The Passionate Code of the Troubadours,"By Hopkins, Andrea",5.29,17
41,How Good Do We Have to Be? A New Understanding of Guilt and Forgiveness,"By Kushner, Harold S.",4.99,17
42,"Eat More, Weigh Less: Dr. Dean Ornish's Life Choice Program for Losing Weight Safely While Eating Abundantly","By Ornish, Dean and Brown, Shirley Elizabeth (EDT)",5.29,17
43,Majorca: Culture and Life,By Konemann Inc. (EDT),8.83,17
44,Written by Herself: Autobiographies of American Women: An Anthology,"By Conway, Jill Ker (EDT)",4.99,16
45,The Universe of Galaxies,"By Hodge, Paul",5.29,16
46,Ice Bound: A Doctor's Incredible Battle For Survival at the South Pole,"By Nielsen, Jerri and Vollers, Maryanne",4.89,16
47,Healing Benefits of Garlic,"By Heinerman, John",4.99,16
48,Me and Ted Against the World : The Unauthorized Story of the Founding of CNN,"By Schonfeld, Reese",4.99,16
49,Magnet Therapy: The Pain Cure Alternative,"By Lawrence, Ronald Melvin, Plowden, Judith, and Rosch, Paul",5.29,16
50,Controlling Cholesterol: Dr. Kenneth H. Cooper's Preventative Medicine Program,"By Cooper, Kenneth H.",5.29,16
51,George Meany And His Times: A Biography,"By Robinson, Archie",4.99,16
52,American Dreams: Lost & Found,"By Terkel, Studs",10.99,16
53,Sharing the Pie : A Citizen's Guide to Wealth and Power,"By Brodner, Steve (ILT) and Brouwer, Steve",5.29,16
54,"Love, Love, and Love","By Bernhard, Sandra",5.29,16
55,Conflicting Accounts: The Creation and Crash of the Saatchi and Saatchi Advertising Empire,"By Goldman, Kevin",5.29,16
56,What Went Wrong at Enron: Everyone's Guide to the Largest Bankruptcy in U.S. History,"By Fusaro, Peter C. and Miller, Ross M.",5.29,16
57,"The Addictive Organization: Why We Overwork, Cover Up, Pick Up the Pieces, Please the Boss, and Perpetuate S","By Schaef, Anne Wilson and Fassel, Diane",4.99,16
58,From the Silent Earth: A Report on the Greek Bronze Age,By Joseph Alsop,6.22,16
59,Panic Disorder and Its Treatment (Medical Psychiatry Series),"By Pollack, Mark H. (EDT) and Rosenbaum, J. F. (EDT)",5.41,16
60,Henry VIII (English Monarchs Series),"By Scarisbrick, J. J.",5.47,16
61,The Moral Intelligence of Children,"By Coles, Robert",5.29,16
62,"Concordance to the New English Bible, New Testament,","By Elder, E",10.99,16
63,Life at the Edge: Readings from Scientific American Magazine,"By Gould, James L. and Gould, Carol Grant (EDT)",4.99,16
64,Cook Healthy: Cook Quick,"By Wesler, Cathy A.",5.18,16
65,Images Of War: The Artist's Vision of World War II,"By McCormick, Ken",10.02,16
66,Becoming Soul Mates: Cultivating Spiritual Intimacy in the Early Years of Marriage,"By Parrott, Les",5.29,16
67,Care of the Soul : A Guide for Cultivating Depth and Sacredness in Everyday Life,"By Moore, Thomas",4.99,16
68,Victims of Progress,"By Bodley, John H.",4.99,16
69,Inside the Tornado: Marketing Strategies from Silicon Valley's Cutting Edge,"By Moore, Geoffrey A.",5.29,16
70,Sunset at Rosalie: A Novel,"By McLaughlin, Ann L.",5.0,16
71,"The Girlfriends' Guide to Surviving the First Year of Motherhood, Packaging May Vary","By Iovine, Vicki",4.99,16
72,"Sherlock Holmes and the Red Demon by John H. Watson, M.D.","By Watson, John H. and Millett, Larry (EDT)",4.99,16
73,"New Lands, New Men","By Goetzmann, William H.",10.99,16
74,Reinventing Government: How the Entrepreneurial Spirit is Transforming the Public Sector (Plume),"By Osborne, David and Gaebler, Ted",4.99,16
75,Proverbs For The People,"By Price-Thompson, Tracy (EDT) and Stovall, Taressa (EDT)",5.88,16
76,Great American Countryside,"By Landi, Val",10.99,16
77,Rob Whitlock: A Pioneer Boy in Old Ohio,"By Jackson, Kathryn",12.51,16
78,British Hospitals (Britain in Pictures),By A. G. L. Ives,18.0,16
79,An essay on morals,"By Wylie, Philip",4.99,16
80,"Kid, You Sing My Songs of Love, and Loss, and Hope","By Wyse, Lois and Rogers, Lilla (ILT)",5.29,16
81,Re-Inventing the Corporation: Transforming Your Job and Your Company for the New Information Society,"By Naisbitt, John and Aburdene, Patricia",5.29,16
82,A Sister Is Forever: A Blue Mountain Arts Collection for One of the Most Beautiful People You'll Ever Know,"By Morris, Gary (EDT) and Blue Mountain Arts Collection (COR)",4.99,16
83,The Practical Stylist,"By Baker, Sheridan Warner",4.99,16
84,The Periodic Kingdom: A Journey Into The Land Of The Chemical Elements (Science Masters Series),"By Atkins, P. W.",4.99,16
85,Titanic,"By Kirkland, Douglas, Marsh, Ed W., and Kirkland, Douglas (PHT)",8.79,16
86,A Woman of Egypt,"By Sadat, Jehan",8.79,16
87,Civilization III: Instruction Manual,"By Meier, Sid",4.99,16
88,"Alcatraz '46;: The anatomy of a classic prison tragedy,","By Don DeNevi, Philip Bergen",5.29,16
89,Elvis in the Morning,"By Buckley, William F.",5.29,16
90,"Fat Free, Flavor Full: Dr. Gabe Mirkin's Guide to Losing Weight and Living Longer","By Mirkin, Gabe and Rich, Diana",4.99,16
91,White Gold Wielder - Book Three of The Second Chronicles of Thomas Covenant,"By Donaldson, Stephen R.",4.99,16
92,From Image to Likeness: A Jungian Path in the Gospel Journey,"By Grant, W. Harold, Thompson, Magdala, and Clarke, Thomas E.",4.99,16
93,ON THE WING: The Life of Birds: From Feathers to Flight,"By Brooks, Bruce",19.25,16
94,Bringing Down the House: The Inside Story of Six M.I.T. Students Who Took Vegas for Millions,"By Mezrich, Ben",4.99,16
95,Future Space: Beyond Earth,"By Quigley, Sebastian (ILT) and Jefferis, David",5.29,16
96,"The young Jefferson, 1743-1789,","By Bowers, Claude Gernade",5.29,16
97,"Mayo Clinic On Hearing: Strategies for Managing Hearing Loss, Dizziness and Other Ear Problems (""MAYO CLINIC ON"" SERIES)","By Olsen, Wayne, Ph.D. (EDT)",5.29,16
98,"Trust Me, Mom-Everyone Else Is Going!: The New Rules for Mothering Adolescent Girls","By Cohen-Sandler, Roni, Ph.D.",4.99,16
99,I Hate School: How to Hang in and When to Drop Out,"By Wirths, Claudine G. and Bowman-Kruhm, Mary",5.29,16
100,The Quotable Ronald Reagan,"By Reagan, Ronald and Hannaford, Peter",5.44,16
101,"Rooster crows for day,","By Burman, Ben Lucien",21.95,16
102,Leadership Is an Art,"By De Pree, Max",4.99,16
103,What's Going On?: Personal Essays,"By McCall, Nathan",5.29,16
104,Dark Fields of the Republic: Poems 1991-1995,"By Rich, Adrienne Cecile",5.29,16
105,Creating an Inclusive School,"By Villa, Richard A. (EDT) and Thousand, Jacqueline S. (EDT)",5.29,16
106,Edit Yourself : A manual for everyone who works with words,"By Ross-Larson, Bruce",5.29,16
107,Standing for Something: 10 Neglected Virtues That Will Heal Our Hearts and Homes,"By Hinckley, Gordon B. and Wallace, Mike (FRW)",4.99,16
108,North Carolina Ghosts and Legends,"By Roberts, Nancy",5.29,16
109,Balkan Odyssey a personal account of the international peace efforts following the breakup of the former Yugoslavia,"By Owen, David",5.12,16
110,Straight Talk about Death for Teenagers: How to Cope with Losing Someone You Love,"By Grollman, Earl A.",8.79,16
111,Understanding Thomas Jefferson,"By Halliday, E. M.",4.99,16
112,"Hey Mom! I'm Hungry!: Great-Tasting, Low-Fat, Easy Recipes to Feed Your Family","By Powter, Susan",5.29,16
113,"Changes in the Land: Indians, Colonists and the Ecology of New England","By Cronon, William",4.99,16
114,An East Wind Coming,By Arthur Byron Cover,5.29,16
115,Going the Other Way: Lessons from a Life In and Out of Major League Baseball,"By Bean, Billy and Bull, Chris",4.99,16
116,Consider Your Options: Get the Most from Your Equity Compensation,"By Thomas, Kaye A.",5.29,16
117,Molecular Cell Biology,"By Lodish, Harvey F., Baltimore, David, and Berk, Arnold (CON)",11.44,16
118,Majendie's Cat,"By Fowlkes, Frank V.",5.29,16
119,First Things First,"By Covey, Stephen R., Merrill, A. Roger, and Merrill, Rebecca R.",5.58,16
120,Best Friends: The True Story of the World's Most Beloved Animal Sanctuary,"By Glen, Samantha and Moore, Mary Tyler (INT)",4.89,16
121,"Prudens futuri: The US Army War College, 1901-1967","By Pappas, George S.",6.24,16
122,Joshua: A Parable for Today,"By Girzone, Joseph F.",5.29,16
123,Things Not Seen and Other Stories,"By Williams, Lynna",5.29,16
124,Putting the One Minute Manager to Work: How to Turn the 3 Secrets into Skills,"By Blanchard, Kenneth H. and Lorber, Robert",5.29,16
125,The Spiritual Life of Children,"By Coles, Robert",4.99,16
126,Constancia and Other Stories for Virgins,"By Fuentes, Carlos and Christensen, Thomas (TRN)",5.29,16
127,May I Have This Dance?,"By Rupp, Joyce and Veeder, Judith (ILT)",4.89,16
128,"Meditations from Conversations with God: An Uncommon Dialogue, Book 1 (Conversations with God Series)","By Walsch, Neale Donald",5.29,15
129,Washington bowed,"By McKeldin, Theodore R",16.16,15
130,Chagall,"By Compton, Susan P.",10.99,15
131,Ride a Pale Horse,"By MacInnes, Helen",5.29,15
132,Listening to Prozac: A Psychiatrist Explores Antidepressant Drugs and the Remaking of the Self,"By Kramer, Peter D.",4.99,15
133,"The Big Garage on Clear Shot: Growing Up, Growing Old, and Going Fishing at the End of the Road","By Bodett, Tom",4.99,15
134,Life Stories,"By Newbold, Heather (EDT)",4.99,15
135,Houghton Mifflin Invitations to Literature: Student Anthology Level 1.3 Share 1997 (Invitations to Lit 1997),By Hm (COR),5.94,15
136,Grow Greener: Ten Steps to a Richer Life,"By Hoxton, Rob",5.29,15
137,"Frames of Reference: Looking at American Art, 1900-1950: Works from the Whitney Museum of American Art","By Fraser, Kennedy, Whitney Museum of American Art (COR), Weinberg, Adam D., and Venn, Beth",6.42,15
138,Remembering Main Street: An American Album,"By Ross, Pat",10.99,15
139,Spicy,"By Hayes, Alan",4.99,15
140,Pope John Paul II,"By Szulc, Tad",4.99,15
141,"The Virgin Homeowner: The Essential Guide to Owning, Maintaining, and Surviving Your Home","By Papolos, Janice",5.29,15
142,"Fight Fat After Forty: The Revolutionary Three-Pronged Approach That Will Break Your Stress-Fat Cycle and Make You Healthy, Fit, and Trim for Life","By Peeke, Pamela",4.99,15
143,Leadership Presence,"By Halpern, Belle Linda and Lubar, Kathy",5.29,15
144,The Golden Christmas Tree,"By Weisgard, Leonard (ILT) and Wahl, Jan",4.99,15
145,The Age of Uncertainty,"By Galbraith, John Kenneth",10.99,15
146,Global Literacies: Lessons on Business Leadership and National Cultures,"By Rosen, Robert (EDT), Digh, Patricia, Singer, Marshall, and Phillips, Carl",4.99,15
147,Results: The Key to Continuous School Improvement,"By Schmoker, Michael J.",4.99,15
148,Trailside Guide: Fly Fishing,"By Hildebrand, Ron (ILT) and Merwin, John",19.25,15
149,I Wish I Had a Red Dress,"By Cleage, Pearl",5.29,15
150,The economics of macro issues,"By Miller, Roger LeRoy",5.29,15
151,Family Guide to Natural Medicine,By Reader's Digest Association,8.79,15
152,Killer Diller,"By Edgerton, Clyde",4.99,15
153,Herbal Medicine,"By Buchman, Dian Dincin",5.29,15
154,The Visitation,"By Reidy, Sue",5.29,15
155,Big Kitchen Instruction Book,"By Zemke, Deborah (ILT) and Brown, Rosemary Carleton",7.29,15
156,"One World, One Heart",By Susan Polis Schutz,4.99,15
157,Reengineering the Corporation,"By Hammer, Michael and Champy, James",5.29,15
158,What My Parents Did Right,"By Gaither, Gloria (COM)",4.99,15
159,The Man's Health Sourcebook,"By Dashe, Alfred M.",5.64,15
160,High Tech Illustration,"By Martin, Judy",6.12,15
161,Chinese Roundabout: Essays in History and Culture,"By Spence, Jonathan D.",5.35,15
162,"Behind closed doors;: The secret history of the cold war,","By Zacharias, Ellis M",5.67,15
163,"Production & Operations Management : Quality, Performance, and Value","By Evans, James R.",10.99,15
164,Shackleton's Boat Journey,"By Worsley, Frank Arthur",5.29,15
165,An Atlas of the Difficult World: Poems 1988-1991,"By Rich, Adrienne Cecile",4.99,15
166,Are You Considering Psychoanalysis?,"By Horney, Karen (EDT)",5.29,15
167,"The Splendid Century: French Art: 1600-1715 - exhibition at The National Gallery of Art,  The Toledo Museum of Art, The Metropolitan Museum of Art, 1960-1961",By Text by Theodore Rousseau,4.99,15
168,Blue Guide: Oxford and Cambridge (Blue Guides (Only Op)),By Geoffrey Tyack,5.99,15
169,Daughter of Regals & Other Tales,"By Donaldson, Stephen R.",5.29,15
170,Get Thee To a Punnery,"By Lederer, Richard",5.29,15
171,Too Young to Retire: 101 Ways To Start The Rest of Your Life,"By Stone, Howard and Stone, Marika",5.29,15
172,Zillionaire's Daughter,"By Sorel, Edward",5.29,15
173,Macintosh programming primer,"By Mark, David, Reed, Cartwright",6.42,15
174,Ireland's Women: Writings Past and Present,"By Kennelly, Brendan, Donovan, Katie, and Jeffares, A. Norman",5.3,15
175,Currier and Ives Four Seasons Cookbook,By NATAHANIEL CURRIER and JAMES MERRITT,4.99,15
176,Testimonies: A Novel,"By O'Brian, Patrick",4.99,15
177,"Career Guide: Opportunities and Resources for You (The Ebony Success Library, V. 3)",By Ebony,8.79,15
178,The downy waterfowl of North America,By Colleen Helgeson Nelson,8.51,15
179,Cooking for Jack,"By Nicholson, Jack, Baratta, Tommy, Baratta, Marylou, and Nicholson, Jack (INT)",4.99,15
180,How to Become a Successful Consultant in Your Own Field,By Prima,4.99,15
181,"Sophie Du Pont: A Young Lady in America : Sketches, Diaries, and Letters, 1823-1833","By Low, Betty-Bright and Hinsley, Jacqueline",8.79,15
182,MBO for nonprofit organizations,"By McConkey, Dale D",4.99,15
183,"The Wrinkle Cure: Unlock the Power of Cosmeceuticals for Supple, Youthful Skin","By Perricone, Nicholas",4.99,15
184,Step-By-Step Container Gardening: 50 Recipes for Creating Glorious Pots and Boxes,"By Donaldson, Stephanie",5.29,15
185,The New Grove Modern Masters (Composer Biography Series),"By Lampert, Vera, Kemp, Ian, White, Eric White",5.29,15
186,City of Gold,"By Deighton, Len",5.47,15
187,Mother of Pearl,"By Haynes, Melinda",4.99,15
188,Icons,"By Winthrop, Caroline",5.58,15
189,The View from a Monastery,"By Tvedten, Benet",4.99,15
190,Who Needs God,"By Kushner, Harold S.",4.99,15
191,Loving Thoughts,"By Rice, Helen Steiner",4.99,15
192,Kirkpatrick Mission (Diplomacy Wo Apology Ame at the United Nations 1981 to 85,"By Gerson, Allan",5.29,15
193,Bringing up Kids American Style,"By Novello, Joseph",12.99,15
194,Maryland Today,"By Bard, Harry",21.83,15
195,Deployment: Hiding Behind Power Struggles as a Character Defense (Psychoanalytic Therapy Series),"By Moses-Hrushovski, Rena",4.99,15
196,The Final Days,"By Bernstein, Carl and Woodward, Bob",10.99,15
197,James Herriot: The Life of a Country Vet,"By Lord, Graham",4.99,15
198,The Lisle Letters: An Abridgement,"By Byrne, Muriel St. Clare (EDT)",4.99,15
199,The White Man's Burden: Historical Origins of Racism in the United States (Galaxy Books),"By Jordan, Winthrop D.",5.29,15
200,WORDS FOR EVERYDAY ANIMALS (Words for Everyday),"By Davenport, Zoe",17.99,15
201,A birthday gift for Mommi,"By Beers, V. Gilbert",5.86,15
202,Vision: A Personal Call to Create a New World,"By Carey, Ken",4.99,15
203,"Three Essays: On Liberty, Representative Government, The Subjection of Women","By Mill, John Stuart and Stillinger, Jack (EDT)",6.66,15
204,The Mozart Companion a Symposium by leading Mozart Scholar,"By Landon, Harold R.",4.99,15
205,Joshua and the Children: A Parable,By Joseph F. Girzone,5.29,15
206,Red Square,"By Smith, Martin Cruz",4.99,15
207,Buffalo Gordon,"By Lewis, J. P. Sinclair",23.11,15
208,Certain Poor Shepherds: A Christmas Tale,"By Thomas, Elizabeth Marshall and Davidson, Andrew (ILT)",5.29,15
209,The New Building Your Mate's Self-Esteem,"By Rainey, Dennis and Rainey, Barbara",4.99,15
210,Rogue Regimes: Terrorism and Proliferation,"By Tanter, Raymond",58.61,15
211,"The Abuse Excuse: And Other Cop-Outs, Sob Stories, and Evasions of Responsibility","By Dershowitz, Alan M.",5.47,15
212,Houghton Mifflin Invitations to Literature: Student Anthology Level 1.4 Surprise 1997 (Invitations to Lit 1997),By Hm (COR),6.12,15
213,The Pharaohs of Ancient Egypt (Megascope Series),"By Derouin, Claire",4.99,15
214,1776-1976: Zweihundert Jahre deutsch-amerikanische Beziehungen = two hundred years of German-American relations : eine Dokumentation (German Edition),"By Piltz, Thomas",10.99,15
215,Dannybird,By Philip Macht,4.99,14
216,Technical Manual and Dictionary of Classical Ballet (Dover Books on Dance),"By Grant, Gail",7.71,14
217,Life and Death in Shanghai,"By Cheng, Nien",5.29,14
218,100 Favorite Roses (100 Favorite Series),"By Dunn, Teri",5.29,14
219,All Around The Town,"By Clark, Mary Higgins",4.99,14
220,New World Visions of Household Gods and Sacred Places: American Art and the Metropolitan Museum of Art 1650-1914,"By Scully, Vincent",13.12,14
221,New Stories from the South 2001: The Year's Best,"By Ravenel, Shannon",5.29,14
222,Orchids as House Plants,"By Northen, Rebecca Tyson",4.99,14
223,The History of the American Sailing Navy: The Ships and Their Development,"By Chapelle, Howard Irving",29.29,14
224,"The Experience of Opera (Norton Library, N706)","By Lang, Paul Henry",5.29,14
225,The pattern of Soviet power,"By Snow, Edgar",5.29,14
226,"The World of Science Fiction, 1926-1976: The History of a Subculture","By Del Rey, Lester",4.99,14
227,Passionate Paradox; the Life of Marie Stopes,"By briant, keith",5.47,14
228,The Law,"By Vailland, Roger",12.99,14
229,Horsewatching: Why does a horse whinny and everything else you ever wanted to know,"By Morris, Desmond",4.99,14
230,Linda Mccartney's Home Cooking,"By McCartney, Linda",4.99,14
231,Herblock's special for today,"By Block, Herbert",11.48,14
232,Beginners Cookbook (Home Library),By,6.16,14
233,Ghost Light: A Memoir,"By Rich, Frank",5.29,14
234,The Sands of Time: A Hermux Tantamoq Adventure,"By Hoeye, Michael",5.29,14
235,Murder at the Pentagon,"By Truman, Margaret",4.99,14
236,The Goomba's Book of Love,"By Schirripa, Steve and Fleming, Charles",5.09,14
237,Stanley Elkin's Greatest Hits,"By Elkin, Stanley",21.95,14
238,Griffin & Sabine: An Extraordinary Correspondence,"By Bantock, Nick",5.29,14
239,"Wine in Everyday Cooking: ""Cooking with Wine for Family and Friends""","By Ballard, Patricia",5.29,14
240,Leading Lady: The World and Theatre of Katharine Cornell,"By Mosel, Ted",10.99,14
241,Invasion of the Mind Swappers From Asteroid 6!,"By Helquist, Brett (ILT) and Howe, James",5.29,14
242,The march of democracy,"By Adams, James Truslow",5.54,14
243,Einstein's Monsters,"By Amis, Martin",15.4,14
244,How To Live Through A Bad Day: 7 Powerful Insights From Christ's Words on the Cross,"By Hayford, Jack W.",4.99,14
245,The Ideals Country Kitchen Cookbook,By Kronschnab,4.99,14
246,The Passenger from Scotland Yard: A Victorian Detective Novel,"By Wood, H. Freeman",12.51,14
247,The 27-Ingredient Chili Con Carne Murders,"By Pickard, Nancy",5.29,14
248,Looking for Alaska,"By Jenkins, Peter",5.94,14
249,Give Us This Day,"By Tudor, Tasha (ILT)",4.99,14
250,Crossing Over Jordan,"By Brown, Linda Beatrice",4.99,14
251,Sculpture & carving at Washington Cathedral,"By Feller, Richard T",14.62,14
252,When Birds Could Talk And Bats Could Sing,"By Moser, Barry (ILT) and Hamilton, Virginia",5.41,14
253,Line of Fire: Continuing the Saga of the Corps,"By Griffin, W. E. B.",8.79,14
254,Sun and Shadow,"By Green, Julie",5.0,14
255,Heartstring Quilts: Quilts Made Easy (Quilting),By,5.29,14
256,Crooked Hearts,"By Boswell, Robert",5.0,14
257,The Lower Depths and Other Plays,"By Gorky, Maksim",5.29,14
258,Chanticleer;: The poems of Terry Wise,By Terry Wise,8.16,14
259,You Know You're A Republican/Democrat If...,"By Benjamin, Frank",5.29,14
260,From Mama's Kitchen,"By Smith, Catharine P. (EDT)",5.29,14
261,The Silence Now: New and Uncollected Early Poems,"By Sarton, May",5.29,14
262,Especially for Mothers,"By Rice, Helen Steiner",5.29,14
263,The Big Bite Book of Pizzas,"By Jansz, Meg",5.51,14
264,Stories In An Almost Classical Mode,"By Brodkey, Harold.",10.99,14
265,Princess Margaret,"By Hope, Alice",8.16,14
266,M'sieu Robin : Lyrics and legends of Jean Baptiste and his friends,By Wallace Bruce Amsbary,7.49,14
267,With or Without and Other Stories,"By Dickinson, Charles",6.97,14
268,Parenting Isn't for Cowards: Dealing Confidently With the Frustrations of Child-Rearing,"By Dobson, James C.",4.99,14
269,Frisky Business: All About Being Owned by a Cat,"By Brethwaite, Chris, Ahern, Lee Ann, and Bridgeman, Bill et al",5.29,14
270,The Seacoast of Bohemia,"By Freeling, Nicolas",13.12,14
271,The Arrival Kit: A Guide for your Journey in the Kingdom of God,By Ralph W. Neighbour Jr.,5.29,14
272,The Catholic Girl's Guide to Sex,"By Anderson, Melinda, Murray, Kathleen, and Arnold, Alli (ILT)",5.29,14
273,In the Shadow of the Ark,"By Provoost, Anne and Nieuwenhuizen, John",5.47,14
274,The Supernaturalist,"By Colfer, Eoin",4.99,14
275,U and I: A True Story,"By Baker, Nicholson",5.29,14
276,Love Invents Us,By Amy Bloom,4.99,14
277,Zero Db and Other Stories,"By Bell, Madison Smartt",5.0,14
278,The Heart of a Leader,"By Blanchard, Kenneth H.",4.99,14
279,Hefner,"By Brady, Frank",5.29,14
280,The Secrets of Savvy Networking: How to Make the Best Connections for Business and Personal Success,"By RoAne, Susan",5.29,14
281,A Shaker's Dozen,"By Rocheleau, Paul (ILT) and Homsen, Kathleen",5.29,14
282,Personal History,"By Graham, Katharine",5.29,14
283,Friendship with God: an uncommon dialogue,"By Walsch, Neale Donald",4.99,14
284,Extravagant Grace,"By Clairmont, Patsy, Walsh, Sheila, Johnson, Barbara, Clairmont, Patsy (EDT), Mullins, Traci (EDT), Swindoll, Luci, Meberg, Marilyn, Wells, Thelma, and Women Of Faith (COR)",5.29,14
285,13 Things You Gotta Know to Make it as a Christian (Powerlink Student Devotional),"By McDowell, Josh and Hostetler, Bob",4.99,14
286,Dave Barry's Guide to Marriage and/or Sex,"By Barry, Dave",4.99,14
287,The Festival Cookbook: Four Seasons of Favorites,"By Good, Phyllis Pellman",5.94,14
288,Shella,"By Vachss, Andrew H.",4.99,14
289,What To Cook When You Think There's Nothing in the House To Eat: More Than 175 Easy Recipes And Meal Ideas,"By Schwartz, Arthur",5.29,14
290,Little Vegetarian Feasts: Main-Dish Grains,"By Shulman, Martha Rose and Drechsler, Debbie (ILT)",10.98,14
291,Stir-Fry (Sunset Creative Cooking Library),By Sunset Books,5.29,14
292,Collected Stories of Reynolds Price,"By Price, Reynolds",6.24,14
293,DIY Girl,"By Gesue, Monica (ILT) and Bonnell, Jennifer",5.29,14
294,The Divine Pastime: Theatre Essays,"By Clurman, Harold",5.29,14
295,What's Bred in the Bone (Cornish Trilogy),"By Davies, Robertson",4.99,14
296,Mastering the Zone: The Next Step in Achieving SuperHealth and Permanent Fat Loss,"By Sears, Barry and Goodbody, Mary",4.99,14
297,North Carolina Lighthouses,By David Stick,4.99,14
298,"Analyzing Performance Problems, or You Really Oughta Wanna","By Robert Frank Mager, Peter Pipe",5.29,14
299,Reviving Ophelia: Saving the Selves of Adolescent Girls (Ballantine Reader's Circle),"By Pipher, Mary Bray",4.99,14
300,Napoleon and Hitler,"By Seward, Desmond",5.36,14
301,Encounter and Encouragement: A Bicentennial Review of German-American Relations,By Joachim Hans Schwelien,4.99,14
302,Too Busy to Clean,"By Barrett, Patti",5.72,14
303,Keeping Your Kids Catholic: It May Seem Impossible but It Can Be Done,By Bert Ghezzi,4.99,14
304,Vines (Burpee American Gardening Series),"By Bales, Suzanne Frutig",5.29,14
305,Roads to Antietam,"By Schildt, John W.",5.29,14
306,Nursery Rhymes: A Collection from Mother Goose (Illustrated Library for Child.),"By Hale, Glorya (EDT), Anderson, Anne, Lee, Ella Doldar, Anderson, Anne (ILT), and Lee, Ella Doldar (ILT)",5.29,14
307,The Art of Cooking with Herbs & Spices,"By Miloradovich, Milo",5.29,14
308,The uncommon cookbook,"By Mellinkoff, Ruth",24.26,14
309,List Your Self: Listmaking as the Way to Self-Discovery,"By Segalove, Ilene and Velick, Paul Bob",4.99,14
310,The Insider's Guide to Getting Published: Why They Always Reject Your Manuscript and What You Can Do About It,"By Boswell, John",4.99,14
311,"Walking the Cat by Tommy "" Tip"" Paine: Gordon Liddy Is My Muse II","By Batchelor, John Calvin",5.8,14
312,The Theory of the Modern Stage: An Introduction to Modern Theatre and Drama,By Eric  Bentley,4.99,14
313,Mistler's Exit,"By Begley, Louis",4.99,14
314,Small Patchwork & Quilting,"By Linsley, Leslie, Aron, Jon (PHT), and Savonen, Robby (ILT)",10.99,14
315,A Portfolio of Outdoor Furnishing Ideas (Portfolio Ofideas),"By Cowles Creative Publishing, Cy Decosse Inc",4.99,14
316,Cooking With Helen McCully Beside You,"By McCully, Helen",8.79,14
317,Christopher Idone's Glorious American Food,"By Idone, Christopher",10.99,14
318,Family portrait,"By Bowen, Catherine Drinker",6.72,14
319,The Whole Shebang: A State-of-the-Universe(s) Report,"By Ferris, Timothy",8.29,14
320,Eating Well for Optimum Health: The Essential Guide to Bringing Health and Pleasure Back to Eating,"By Weil, Andrew",4.99,14
321,Teverton Hall,"By Gillespie, Jane",4.99,14
322,Inference of guilt,"By Greene, Harris",36.2,14
323,Lines in the Sand: Desert Storm and the Remaking of the Arab World,"By Amos, Deborah",5.51,14
324,The Witling,"By Vinge, Vernor",20.85,14
325,The Courage to Be Rich: Creating a Life of Material and Spiritual Abundance,"By Orman, Suze",4.99,14
326,Our Nature,"By Gilbert, Bill",5.29,14
327,The Gift of Sex: A Guide to Sexual Fulfillment,"By Penner, Clifford and Penner, Joyce",4.99,14
328,Basic Principles of Classical Ballet,"By Vaganova, A. Ia.",4.99,14
329,The Biblical Road to Blessing,"By Hinn, Benny",4.99,14
330,Remembered Laughter: The Life of Noel Coward. Orig Pub in Great Britain Under Title: Life of Noel Coward,"By Lesley, Cole",10.99,14
331,Peanuts: A Golden Celebration: The Art and the Story of the World's Best-Loved Comic Strip,"By Schulz, Charles M. and Larkin, David (EDT)",10.99,14
332,Other loyalties;: A politics of personality,"By Brower, Brock",8.0,14
333,The Language of Life: A Festival of Poets,"By Moyers, Bill D., Grubin, David, and Haba, James",10.99,14
334,The Shutterfly Guide to Great Digital Photos (CLS.EDUCATION),"By Johnson, Dave and Housenbold, Jeffrey",4.99,14
335,Henry VIII and His Court,"By Williams, Neville",8.79,14
336,The New Grove Mozart,"By Sadie, Stanley",5.29,14
337,Short bike rides in New Jersey,"By Santelli, Robert",4.99,14
338,Pledged: The Secret Life of Sororities,"By Robbins, Alexandra",4.99,14
339,Smoky Mountains Trout Fishing Guide,"By Kirk, Don",4.99,14
340,A Thing or Two About Soccer,"By Buckley, James, Teitelbaum, Michael, and Wolff, Rick (FRW)",5.29,14
341,Guide to Cults and New Religions,"By Enroth, Ronald",4.99,14
342,"Preparatory Piano Literature: Origianl Keyboard Classics With Optional Teacher Duets, Elementary (Developing Artist)","By Faber, Randall (COP), Faber, Nancy (COM), and Hansen, Jeanne (CON)",4.99,14
343,Winter Has Lasted Too Long,"By Kavanaugh, James J",5.29,14
344,"Iron Man: The Cal Ripken, Jr. Story","By Rosenfeld, Harvey",4.99,14
345,The Only Way I Know,"By Ripken, Cal, Jr. and Bryan, Mike",4.99,14
346,Knots on a Counting Rope (Reading Rainbow Books),"By Rand, Ted (ILT), Martin, Bill, and Archambault, John",4.99,14
347,New Ways With Fresh Flowers: 50 Inspirational Projects for Contemporary Floral Designers,"By Barnett, Fiona",10.99,14
348,QPB Encyclopedia of Word & Phrase Origins,"By Hendrickson, Robert",8.14,14
349,German A La Cartoon,"By Small, Albert H. (EDT)",5.29,14
350,The Complete Idiot's Guide to Getting Published,"By Bykofsky, Sheree and Sander, Jennifer Basye",5.29,14
351,Death Gets a Time-Out (Mommy-Track Mysteries),"By Waldman, Ayelet",4.99,13
352,The Reader's Companion to South Africa,"By Ryan, Alan (EDT)",4.99,13
353,Dealing With People You Can't Stand,"By Brinkman, Rick and Kirschner, Rick",4.99,13
354,Operation Redemption: A Vision of Hope in an Age of Turmoil,"By Trevelyan, George",5.29,13
355,Let Freedom Ring: Winning the War of Liberty over Liberalism,"By Hannity, Sean",4.99,13
356,Hamlet (Oxford World's Classics),"By Shakespeare, William and Hibbard, G. R. (EDT)",5.29,12
357,The Playboy of the Western World and Other Plays: Riders to the Sea; The Shadow of the Glen; The Tinker's Wedding; The Well of the Saints; The Playboy ... of the Sorrows (Oxford World's Classics),"By Synge, John Millington and Saddlemyer, Ann (EDT)",4.99,12
358,Grandparenthood,"By Westheimer, Ruth K. and Kaplan, Steven",5.29,12
359,Twelve,"By Kittredge, Elaine",5.79,12
360,"Cycles of Fire: Stars, Galaxies and the Wonder of Deep Space","By Hartmann, William K.",6.38,12
361,The Dancing Healers: A Doctor's Journey of Healing with Native Americans,"By Hammerschlag, Carl A.",4.99,12
362,Time Exposure: A Photographic Record of the Dinosaur Age,"By Dixon, Dougal and Burton, Jane",5.29,12
363,"The Way of the Trout: Anglers, Wild Fish and Running Water","By Montgomery, M. R. and Brown-Wing, Katherine (ILT)",5.37,12
364,Hope Was Here (Newbery Honor Book),"By Bauer, Joan",5.29,12
365,A Tale of Two Cities (Oxford World's Classics),"By Dickens, Charles and Sanders, Andrew (EDT)",5.29,12
366,Frank Sinatra: An American Legend,"By Sinatra, Nancy",8.24,12
367,WP8 - Theory Lessons - Level 2 - Bastien Piano Library,By James Bastien,5.29,12
368,Who Owns America?,"By Hickel, Walter J.",5.29,12
369,Bloodsong,"By Neimark, Jill",5.35,12
370,The Vampire Book: The Encyclopedia of the Undead,"By Melton, J. Gordon",8.35,12
371,A Midsummer Night's Dream (Oxford World's Classics),"By Shakespeare, William and Holland, Peter (EDT)",5.29,12
372,Bob Miller's Calc for the Clueless: Calc I (Bob Miller's Clueless Series),"By Miller, Robert",4.99,12
373,Mariel of Redwall,"By Jacques, Brian and Chalk, Gary (ILT)",5.29,12
374,The Body Book: A Fantastic Voyage to the World Within,"By Bodanis, David",10.99,12
375,Nerilka's Story (Dragonriders of Pern Series),"By McCaffrey, Anne",4.99,12
376,Americas: The Changing Face of Latin America and the Caribbean (A Main Selection of the History Book Club),"By Winn, Peter",6.6,12
377,"Mayo Clinic On Vision And Eye Health: Practical Answers on Glaucoma, Cataracts, Macular Degeneration & Other Conditions (""MAYO CLINIC ON"" SERIES)","By Mayo Clinic (COR) and Buettner, Helmut (EDT)",5.29,12
378,Parrot in the Oven: Mi vida (Cover May Vary),"By Martinez, Victor",5.29,12
379,A Passion for Golf: The Best of Golf Writing,"By Garrity, John (INT) and Bishop, Schuyler (EDT)",5.58,12
380,The Way of the Wizard: Twenty Spiritual Lessons for Creating the Life You Want,"By Chopra, Deepak",4.99,12
381,Handmade for Profit!: Hundreds of Secrets to Success in Selling Arts and Crafts,"By Brabec, Barbara",5.29,12
382,Totline Teaching Tales ~ Short-Short Stories ~ Simple Stories For Young Children Plus Seasonal Activities,"By Warren, Jean and McKinnon, Elizabeth S. (EDT)",5.29,12
383,Treasury Whole Language Literature Ideas (Troll Teacher Idea Books),"By Reeves, Barbara",5.29,12
384,Meet the Author (Troll Professional Series),"By Orzakis, Laurie",5.29,12
385,"Adventuring Along the Southeast Coast: The Sierra Club Guide to the Low Country, Beaches, and Barrier Islands of North Carolina, South Carolina, and (Sierra Club Adventure Travel Guides)","By Bowen, John",5.29,12
386,Totline Teaching Tales ~ Teeny-Tiny Folktales ~ Simple Folktales For Young Children Plus Flannelboard Patterns,"By Warren, Jean",5.29,12
387,"Discovering Oceans, Lakes, Ponds and Puddles","By Frame, Jeron Ashford and Holladay, Scott (ILT)",5.29,12
388,Game Birds Of North America,"By Rue, Leonard Lee",10.99,12
389,The Birdwatcher's Companion,"By MacKay, Barry Kent",13.13,12
390,"Stalking birds with color camera,","By Allen, Arthur A",15.4,11
391,Glorious French Food: A Fresh Approach to the Classics,"By Peterson, James",9.5,11
392,The Portrait of a Lady (Oxford World's Classics),"By James, Henry and Bradbury, Nicola (EDT)",5.29,11
393,"Wilderness kingdom, Indian life in the Rocky Mountains: 1840-1847;: The journals & paintings of Nicolas Point","By Point, Nicolas",17.38,11
394,Managing Transitions: Making The Most Of Change,"By Bridges, William",4.99,11
395,False Assumptions,"By Cloud, Henry and Townsend, John",5.27,11
396,"Mortgaging The Earth: The World Bank, Environmental Impoverishment, and the Crisis of Development","By Rich, Bruce",5.64,11
397,Banff Springs the Story of a Hotel,By Bart Robinson,5.29,11
398,Origins Of History,"By Butterfield, Herbert",5.29,11
399,What Bird Did That?: A Driver's Guide to Some Common Birds of North America,"By Silver, Burton",4.99,11
400,A Separate Peace with Connections (HRW Library),By Holt Mcdougal (COR),5.29,11
401,Inner Revolution,"By Thurman, Robert A. F.",4.99,11
402,Lost Cities of the Maya (Discoveries),"By Baudez, Claude F. and Picasso, Sydney",5.29,11
403,Life in Ancient Egypt,"By Erman, Adolf",4.99,11
404,25 Bicycle Tours in New Jersey,"By Zatz, Aline and Zatz, Joel",5.29,11
405,The World of the Ancient Maya,"By Henderson, John S.",10.99,11
406,A delicately personal matter: A J.D. Mulroy mystery novel,"By Werry, Richard R.",5.29,11
407,Terrorism and Democracy,"By Turner, Stansfield",4.99,11
408,A Son of Thunder: Patrick Henry and the American Republic,"By Mayer, Henry",5.35,11
409,Cam Jansen and the Triceratops Pops Mystery #15,"By Adler, David A. and Natti, Susanna (ILT)",4.99,11
410,Summerland,"By Chabon, Michael",6.06,11
411,Three Gospels,"By Price, Reynolds (EDT)",5.29,11
412,Creative Conversations: The Writer's Complete Guide to Conducting Interviews,"By Schumacher, Michael",5.29,11
413,Doing It,"By Burgess, Melvin",5.29,11
414,The Wind in the Willows (Children's Classics),By Kenneth Grahame,4.99,11
415,500 Full-Size Patchwork Patterns,"By Malone, Maggie",5.29,11
416,Cases in managerial finance (The Dryden Press series in finance),By Eugene F Brigham,11.01,11
417,Stress And The Family: Coping With Normative Transitions (Psychosocial Stress Series),"By McCubbin, Hamilton I. (EDT)",5.29,11
418,Demon of the Waters: The True Story of the Mutiny on the Whaleship Globe,"By Gibson, Gregory",4.99,10
419,The Tiananmen Papers : The Chinese Leadership's Decision to Use Force Against Their Own People - In Their Own Words,"By Liang, Zhang (COM), Nathan, Andrew J. (EDT), Link, Perry (EDT), Nathan, Andrew J., Zhang, Liang, Link, E. Perry (EDT), Zhang, Liang (EDT), Link, E. Perry, and Liang, Zhang",4.99,10
420,Struggle for Intimacy (Adult Children of Alcoholics series),"By Woititz, Janet Geringer",5.29,9
421,550 Home Landscaping Ideas,"By Fell, Derek and Erler, Catriona",10.99,9
422,Money Harmony: Resolving Money Conflicts in Your Life and Relationships,"By Mellan, Olivia",16.49,9
423,Who Says Elephants Can't Dance?:  Inside IBM's Historic Turnaround,"By Gerstner, Louis V., Jr.",4.99,9
424,The Expert's Guide To Backyard Birdfeeding,"By Adler, Bill, Hughes, Heide, and Hughes, Heidi",4.99,9
425,Totline 123 Puppets (1 2 3 Series:  Language Ages 2-6),"By Warren, Jean",5.29,9
426,American Artists On Art: From 1940 To 1980 (Icon Editions),"By Johnson, Ellen H. (EDT)",5.29,9
427,Swan watch,By Budd Schulberg,5.47,9
428,The American musical theater;: A consideration (A CBS Legacy collection book),"By Engel, Lehman",10.99,9
429,The Princess Test (Princess Tales),"By Andersen, Hans Christian, Levine, Gail Carson, Elliott, Mark (ILT), and Elliott, Mark",10.99,9
430,The Nature of Theatre.,"By Roberts, Vera Mowry",7.85,9
431,Interactive Bulletin Boards,"By Prizzi, Elaine and Hoffmann, Jeanne",4.99,9
432,Parthian Words,By Storm Jameson,5.86,9
433,Best Cat Stories,"By O'Mara, Lesley and Geldart, William Geldart (ILT)",5.29,9
434,Religion in America: An historical account of the development of American religious life,"By Hudson, Winthrop Still",12.99,9
435,Why Can't I Fall in Love? A 12-Step Program,"By Boteach, Shmuel",5.29,9
436,Wolf in the Shadows (A Sharon Mccone Mystery),"By Muller, Marcia",5.53,9
437,Just Build the Ark and the Animals Will Come:: Children on Bible Stories,"By Heller, David",5.29,9
438,A Man for All Seasons: A Play in Two Acts,"By Bolt, Robert",5.29,9
439,Jeremy: The Tale of an Honest Bunny,"By Karon, Jan and Weidner, Teri (ILT)",4.99,9
440,Invisible No More: The Secret Lives of Women Over 50,"By Fisher, Renee, Kramer, Joyce, Peelen, Jean, and Llc, Invisible No More",5.0,9
441,Harrap's Spanish and English Pocket Dictionary (Harrap's Dictionaries),"By Alvarez Garcia, Teresa (EDT), Rodger, Liam (EDT), and Ron Diaz, Elena (EDT)",4.99,9
442,The National Air and Space Museum,"By Bryan, C. D. B.",11.71,9
443,Free Flight: From Airline Hell to a New Age of Travel,"By Fallows, James M.",4.99,9
444,The Book of Massage: The Complete Step-by-Step Guide To Eastern And Western Techniques,"By Lidell, Lucinda, Thomas, Sara, Cooke, Carola Beresford, and Porter, Anthony",4.99,9
445,The practice of social research,"By Babbie, Earl",6.72,8
446,"Endangered Pleasures: In Defense of Naps, Bacon, Martinis, Profanity, and Other Indulgences","By Holland, Barbara",5.29,8
447,Hosting the Birds: How to Attract Birds to Nest in Your Yard,"By Mahnken, Jan",5.29,8
448,Families on the Fault Line,"By Rubin, Lillian B.",5.29,8
449,Our Last Best Shot: Guiding our Children Through Early Adolescence,"By Stepp, Laura Sessions",4.99,8
450,Intermediate Algebra Functions and Authentic Applications,"By Lehmann, Jay",7.4,8
451,The Clustering of America,"By Weiss, Michael J.",4.99,8
452,"Nelson Rockefeller,: A biography","By Morris, Joe Alex",14.62,8
453,The PreHistory of The Far Side: A 10th Anniversary Exhibit (Volume 14),"By Larson, Gary",8.79,8
454,Double Buckeyes: A Story of the Way America Used to Be,"By Shuster, Bud",5.0,8
455,Investment Biker: Around the World With Jim Rogers,"By Rogers, Jim",5.29,8
456,Lyndon Baines Johnson: Late a President of the United States: Memorial Services in the Congress of the United States and tributes in eulogy,By Various,19.95,8
457,Readings in art history,"By Spencer, Harold",5.29,8
458,Shakedown: Exposing The Real Jesse Jackson,"By Timmerman, Kenneth R.",8.79,8
459,"The Man Who Saw Through Time (The Scribner Library, Lyceum Editions, No. SL429)","By Eiseley, Loren C.",5.29,8
460,Speaking Out for Animals: True Stories About People Who Rescue Animals,"By Stallwood, Kim W. (EDT)",5.29,8
461,Message from Forever: A Novel of Aboriginal Wisdom,"By Morgan, Marlo",4.99,8
462,A Prophet In His Own Country: The Triumphs and Defeats of Adlai E. Stevenson,By Kenneth S. Davis,36.61,8
463,"Hacking Exposed: Network Security Secrets & Solutions, Third Edition (Hacking Exposed)","By McClure, Stuart, Scambray, Joel, and Kurtz, George",6.78,8
464,Aditi: The Living Arts of India,"By Adams, Robert and Sethi, Rajeev (EDT)",10.99,8
465,Shuffle Up and Deal: The Ultimate No Limit Texas Hold 'em Guide (World Poker Tour),"By Sexton, Mike",4.99,8
466,Practical Small Gardens,"By McHoy, Peter",8.79,8
467,A Taste for Love: A Romantic Cookbook for Two,"By Harbison, Elizabeth M. and McGowan, Mary",5.29,8
468,Venom of Argus,"By Avery, Richard",4.99,8
469,The Closing of the American Mind,"By Bloom, Allan",4.99,8
470,Fight Fat After Forty,"By Peeke, Pamela",4.99,8
471,On the Edge of Cliff,"By Pritchett, V. S.",5.29,8
472,Romans,By Navigators,4.99,8
473,Ain't You Glad You Joined the Republicans?: A Short History of the Gop,"By Batchelor, John Calvin",5.76,8
474,The Professional: Lyndon B. Johnson,"By White, William Smith",12.12,8
475,Don't Know Much About the Bible: Everything You Need to Know About the Good Book but Never Learned,"By Davis, Kenneth C.",8.79,8
476,The Power of Nice,"By Dale, Jim, Shapiro, Ronald M., and Jankowski, Mark A.",7.37,8
477,Bringing Out the Best in Your Child: 80 Ways to Focus on Every Kid's Strengths,"By Tobias, Cynthia Ulrich and Funk, Carol",5.29,8
478,Dave Barry's Stay Fit and Healthy Until You're Dead,"By Barry, Dave",4.99,8
479,Language and Myth,"By Cassirer, Ernst",14.62,8
480,Ripken: Cal on Cal,"By Ripken, Cal, Jr., Iooss, Walter (PHT), and Vancil, Mark (EDT)",8.79,8
481,German in 32 Lessons (Gimmick Series),By Adrienne,5.29,8
482,24 Essential Lessons for Investment Success: Learn the Most Important Investment Techniques from the Founder of Investor's Business Daily,"By O'Neil, William J.",4.99,8
483,Many Waters,"By L'Engle, Madeleine",5.29,8
484,The Last Debate:  A Novel of Politics and Journalism,"By Lehrer, James, Smith, Peter (EDT), and Osnos, Peter",4.99,8
485,"Parents in Charge: Setting Healthy, Loving Boundaries for You and Your Child","By Chidekel, Dana",5.29,8
486,Prep (Junior Library Guild Selection),"By Coburn, Jake",5.29,8
487,This Lullaby,"By Dessen, Sarah",4.99,8
488,"No mean city,: An inquiry into civic greatness,","By McKeldin, Theodore R",10.1,8
489,ROLLING THUNDER: Jet Combat From WW II to the Gulf War,"By Rendall, Ivan",5.41,8
490,The Everything Cover Letter Book (Everything),"By Graber, Steven and Lipsman, Mark",5.35,8
491,"Norman Mark's Chicago: Walking, bicycling & driving tours of the city","By Mark, Norman",8.85,8
492,Believing in Jesus,"By Foley, Leonard",5.29,7
493,Irish Druids and Old Irish Religions,"By Bonwick, James",4.99,7
494,Eat Smart for a Healthy Heart Cookbook,"By Cooley, Denton A., M.D. and Moore, Carolyn E.",6.12,7
495,I Can Print A to Z (Wipe-off Activity Book--Reusable),By Enterprises Incorporated Trend,5.29,7
496,1-2-3 Murals: Simple Murals to Make from Children's Open-Ended Art,"By Warren, Jean",5.29,7
497,A Book of Americans,"By Benet, Rosemary",15.4,7
498,The Pleasures of Watching Birds,"By Oberman, Lola and Swan, Joy (ILT)",5.29,7
499,Young Men and Fire,"By MacLean, Norman",4.99,7
500,The Heritage of British Literature,"By Bowen, Elizabeth",10.99,7
501,Creating Sanctuary: A New Approach to Gardening in the Washington Metropolitan Area,"By Mitchell, Sherry",5.29,7
502,Spain (Culture Shock! A Survival Guide to Customs & Etiquette),"By Graff, Marie Louise",7.29,7
503,The Metropolitan Museum of Art: The Cloisters; the Building and the Collection of Medieval Art in Fort Tryon Park,By James Joseph Rorimer,4.99,7
504,Second Treatise of Government,By John Locke,5.29,7
505,Worldwide Wonders,"By Harris, Tina",5.29,7
506,Essential History of Art,By Editor,8.79,7
507,Where to Find It in the Bible: The Ultimate A to Z Resource,By Ken Anderson,8.79,7
508,"The German Panzers, from Mark I to Mark V ""Panther"" - Armor Series 2","By Feist, Uwe",26.29,7
509,What Makes a Goya a Goya?,"By Muhlberger, Richard",4.99,7
510,How to Be Your Dog's Best Friend: A Training Manual for Dog Owners,"By Monks, New Skete",5.29,7
511,Let Freedom Ring: Winning the War of Liberty over Liberalism,"By Hannity, Sean",4.99,7
512,When All Hell Breaks Loose,"By Spencer, Camika",5.29,7
513,"Gorgias (The Penguin Classics, L94)","By Plato and Hamilton, Walter",5.29,7
514,Quiet Times for Couples,"By Wright, H. Norman",5.41,7
515,"Herds of Thunder, Manes of Gold","By Coville, Bruce",5.29,7
516,Transitions: Making Sense of Life's Changes,"By Bridges, William",4.99,7
517,Beginner's Guide to Golf,"By Lumb, Nick",10.99,7
518,"I am the fox,",By Winifred Van Etten,146.13,7
519,Secretaries of war and secretaries of the army: Portraits & biographical sketches (CMH pub),"By Bell, William Gardner",4.99,7
520,A Contest of Faiths: Missionary Women and Pluralism in the America Southwest,"By Yohn, Susan M.",4.99,7
521,The Single Parent's Money Guide,"By Card, Emily and Kelly, Christie Watts",4.99,7
522,F2f,"By Finch, Phillip",4.99,7
523,Freud's Wishful Dream Book,"By Welsh, Alexander",18.0,7
524,Ingenious Inventions of Domestic Utility,"By Bragdon, Allen D.",5.29,7
525,Complete Idiot's Guide to Parenting Your Teenager (The Complete Idiot's Guide),"By Kelly, Kate",5.29,7
526,The Antiques Care & Repair Handbook,"By Jackson, Albert and Day, David",4.99,7
527,Great Pyramid: Its Secrets & Mysteries Revealed,"By Smyth, Charles Piazzi",6.36,7
528,Holy War Inc. Inside the Secret World of Osama Bin Laden,"By Bergen, Peter L.",4.99,7
529,Flavor,"By DiSpirito, Rocco, Leutwyler, Henry, and Sherer, Kris",7.45,7
530,Cinderella Cinderella Mini Book: Mini version (Fay's Fairy Tales),"By Wegman, William, Kismaric, Carole, and Heiferman, Marvin",5.29,7
531,After the Boxes Are Unpacked,"By Miller, Susan",4.99,7
532,The Big Book of Gardening Skills,By Gardenway Book (EDT),10.99,7
533,Eakins,"By Schendler, Sylvan",6.83,7
534,Race relations (Prentice-Hall sociology series),"By Kitano, Harry H. L.",4.99,7
535,The Washington ethnic food store guide,"By Lawson, Jim C",12.99,7
536,Reflections in a Glass Eye: Works from the International Center of Photography Collection,"By International Center of Photography (PHT), Hollander, Anne (EDT), Handy, Ellen (EDT), and Handy, Ellen",8.08,7
537,Getting Started in Powerboating,"By Armstrong, Bob",5.29,7
538,Worth the Fighting For: A Memoir,"By McCain, John and Salter, Mark",4.99,7
539,Red Dragon Rising: Communist China's Military Threat to America,"By Timperlake, Edward and Triplett, William C., II",4.99,7
540,All the Way Home,"By Giff, Patricia Reilly",5.29,7
541,Totline 123 Rhymes Stories & Songs ~ Open-Ended Language (1-2-3 Series) Ages 3-6,"By Warren, Jean",5.29,7
542,"Pineapples, Penguins and Pagodas (Kids' Stuff)","By Keeling, Jan (EDT) and Jinkins, Barbara",5.29,7
543,The Book of Ch'I: Harnessing the Healing Forces of Energy,"By Wildish, Paul",13.98,7
544,Being Little in Cambridge When Everyone Else Was Big,"By Abbott, Eleanor Hallowell",29.29,6
545,The Hero Within,"By Pearson, Carol S.",5.29,6
546,Western,"By Yerby, Frank",16.16,6
547,Numbers (Wipe-Off Activity Books),By,5.29,6
548,Baroque Painting (Barron's Art Handbooks: Yellow Series),By Parramon's Editorial Team (COR),5.29,6
549,"More Ghosts of Gettysburg: Spirits, Apparitions and Haunted Places of the Battlefield","By Nesbitt, Mark V.",4.99,6
550,Pierre Franey's Cooking In America,"By Franey, Pierre, Jarrett, Lauren (ILT), and Flaste, Richard",5.29,6
551,Greek Art (New Revised Edition),"By Boardman, John",5.29,6
552,Utopia (Crofts Classics),"By More, Thomas, Sir, Saint and Ogden, H. V. S. (EDT)",5.29,6
553,Bias: A CBS Insider Exposes How the Media Distort the News,"By Goldberg, Bernard",4.99,6
554,Plain and Simple: A Woman's Journey to the Amish,"By Bender, Sue",5.29,6
555,Twentieth-century art from the Nelson Aldrich Rockefeller collection,"By LIEBERMAN, Nelson A",49.97,6
556,7 Simple Steps to Unclutter Your Life,"By Smallin, Donna",5.29,6
557,Virginia trout streams: A guide to fishing the Blue Ridge watershed,"By Slone, Harry",5.29,6
558,How to Fool Fish With Feathers: The Incompleat Guide to Fly-Fishing,"By MacNelly, Jeff and Margolis, Jon",5.29,6
559,Tom Brown's Schooldays (Oxford World's Classics),"By Sanders, Andrew, Hughes, Arthur, and Hughes, Thomas",4.99,6
560,Metamorphoses (Oxford World's Classics),"By Ovid, Melville, A. D. (TRN), and Kenney, E. J. (INT)",4.99,6
561,Germinal (Oxford World's Classics),"By Zola, Emile, Collier, Peter (TRN), and Lethbridge, Robert (TRN)",5.29,6
562,The California Coastal Resource Guide,"By California Coastal Commission, Caughman, Madge, and Ginsberg, Joanne S.",10.99,6
563,Tools and Gadgets (Historic Communities (Paperback)),"By Kalman, Bobbie",5.29,6
564,Matilda,"By Gallico, Paul",16.76,6
565,The Ultimate Book Of Paint Effects,"By Salli Brand, Jullie Collins, Catherine Cumming, Tricia Greening, Katrina Hall, Frances Halliday, Clare Louise Hunt, Joanna Jones, Lawrence Llewelyn Bo",8.79,6
566,Where No One Has Gone Before: A History in Pictures (Star Trek),"By Dillard, J. M. and Dillar, J. M.",8.29,6
567,Superdog: Raising the Perfect Canine Companion,"By Fox, Michael W.",5.29,6
568,Football America: Celebrating Our National Passion,"By Barber, Phil and Didinger, Ray",7.62,6
569,In Our Own Image: Building an Artificial Person,"By Caudill, Maureen",4.99,6
570,Death and Deconstruction,"By Fleming, Anne",4.99,6
571,1990 BEST-RECIPES YEARBOOK,"By ""Better Homes and Gardens""",5.76,6
572,People of the High Plateau,"By Berman, Carl",10.99,6
573,"The Education of the Heart: Readings and Sources for Care of the Soul, Soul Mates, and The Re-Enchantment of Everyday Life","By Moore, Thomas (EDT)",5.29,6
574,Legends: Conversations With Baseball Greats,"By Rust, Art and Marley, Michael",6.23,6
575,Out to Canaan (Book 4 of the Mitford Years),"By Karon, Jan",4.99,6
576,Management and Organizational Behavior,"By Hunsaker, Phillip L., Cook, Curtis W., and Coffey, Robert E.",7.27,6
577,"What Every Woman Needs to Know about Menopause: The Years Before, During, and After","By Minkin, Mary Jane, M.D. and Wright, Carol V.",10.99,6
578,Garfield Book of Cat Names,"By Davis, Jim and Wallace, Carol",5.29,6
579,Introductory clinical pharmacology,By Jeanne C Scherer,5.37,5
580,"Decorating with Wreaths, Garlands, Topiaries & Bouquets","By Mays, Steven (PHT) and Sterbenz, Carol Endler",4.99,5
581,Prince Charles,"By Brown, Michele",5.29,5
582,Laura Ashley Color: Using Color to Decorate Your Home,"By Berry, Susan, Laura Ashley (Firm) (COR), Ashley, Laura, and Kuscenko, Valerie (EDT)",7.13,5
583,"Shark Tank: Greed, Politics, and the Collapse of Finley Kumble, One of America's Largest Law Firms","By Eisler, Kim Isaac",5.29,5
584,Antiques as an Investment,"By Rush, Richard H.",8.79,5
585,"The Real War on Crime: Report of the National Criminal Justice Commission, The","By National Criminal Justice Commission (U. S.) (COR) and Donziger, Steven A. (EDT)",5.29,5
586,Ernie And His Merry Monsters (Sesame Street Good-Night Stories),By Michaela Muntean,5.29,5
587,"The Quarterlifer's Companion : How to Get on the Right Career Path, Control Your Finances, and Find the Support Network You Need to Thrive","By Wilner, Abby and Stocker, Catherine",5.29,5
588,Leaving Town Alive: Confessions of an Arts Warrior,"By Frohnmayer, John",4.99,5
589,A Show of Hands: Say It in Sign Language,"By Sullivan, Mary Beth and Bourke, Linda",5.29,5
590,Silent Sons: A Book for and About Men,"By Ackerman, Robert J.",4.99,5
591,Walker Evans: A Biography,"By Evans, Walker and Rathbone, Belinda",5.29,5
592,"Meteorology today: An introduction to weather, climate, and the environment","By Ahrens, C. Donald",7.35,5
593,"Contest for a Capital: George Washington, Robert Morris, and Congress, 1783-1791, Contenders : Dramatized Events of America's Founding Years","By Loftin, T. L. and Zarambouka, Sofia (ILT)",4.99,5
594,Americas Glorious Quilts,"By Duke, Dennis",10.56,5
595,Cars 1886-1930,"By Georgano, G. N.",7.67,5
596,Dr Jekyll and Mr Hyde and Weir of Hermiston (Oxford World's Classics),"By Stevenson, Robert Louis and Letley, Emma",5.29,5
597,Spirited Americans: A Commentary on America's Optimists-From the Puritans to the Cybr-Century,"By Jeffcoat, A. E.",4.99,5
598,What Went Wrong?: Western Impact and Middle Eastern Response,"By Lewis, Bernard",8.79,5
599,Lessons from the Fairway: Inspirational Stories from the Fairway for the Yound and Old Alike!,"By Fisher, R. McKenzie",4.99,5
600,Your Sacred Self,"By Dyer, Wayne W.",4.99,5
601,The World's Whales: The Complete Illustrated Guide,"By Balcomb, Kenneth C., Foster, Larry, and Minasian, Stanley M.",10.99,5
602,Taming and Training Conures,"By Teitler, Risa",5.29,5
603,In the Footsteps of Gandhi: Conversations With Spiritual Social Activists,"By Ingram, Catherine and Gandhi, Ramchandra (FRW)",5.29,5
604,"Is Sex Necessary?: Or, Why You Feel the Way You Do","By White, E. B. and Thurber, James",5.29,5
605,"Dark windows,","By McDaniel, Weston Owen",23.79,5
606,The bedside book of Martin Buxbaum,"By Buxbaum, Martin",24.13,5
607,The Winemaker's Year: Four Seasons in Bordeaux,"By Buller, Michael",10.99,5
608,Balancing Acts,"By Hoagland, Edward",4.99,5
609,Sacred Stories: A Celebration of the Power of Story to Transform and Heal,"By Simpkinson, Charles (EDT) and Simpkinson, Anne (EDT)",4.99,5
610,Zen Lessons: The Art of Leadership,By Thomas Translated by Cleary,4.99,5
611,Stencil Source Book 2: Over 200 New Designs,"By Meehan, Patricia",8.79,5
612,Cities Then & Now,"By Antoniou, Jim",6.0,5
613,Gardens of the World: The Art and Practice of Gardening,"By Hobhouse, Penelope and McDonald, Elvin (CON)",7.09,5
614,Brass,"By Walsh, Helen",4.99,5
615,REASONABLE DOUBTS: The O.J. Simpson Case and the Criminal Justice System,"By Dershowitz, Alan M.",5.29,5
616,The Lives of the Muses: Nine Women & the Artists They Inspired,"By Prose, Francine",4.99,5
617,"Frederic Remington: Paintings, Drawings, and Sculpture in the Amon Carter Museum and the Sid W. Richardson Foundation Collections",By Peter H. Hassrick,4.99,5
618,The Civil War Trust's Official Guide to the Civil War Discovery Trail,"By Braselton, Susan Collier (EDT), Civil War Trust (U. S.) (EDT), Andrews, Edgar M. (EDT), Birkhead, Paul J. (EDT), Fix, Julie K. (EDT), Gruber, Elliot H. (EDT), and McMahon, Danielle V. (EDT)",5.29,5
619,Pilgrim: A Novel,"By Findley, Timothy",5.29,5
620,Soup Suppers: More Than 100 Main-Course Soups and 40 Accompaniments,"By Schwartz, Arthur",4.99,5
621,The Big Bands Trivia Quiz Book,"By Simon, George",5.29,5
622,The American Style of Foreign Policy: Cultural Politics and Foreign Affairs,"By Dallek, Robert",5.29,5
623,D.H. Lawrence: The Story of a Marriage,"By Maddox, Brenda",6.32,5
624,The Illustrated Almanac of Historical Facts: From the Dawn of the Christian Era to the New World Order,"By Stewart, Robert",6.24,5
625,Notable American Women: A Biographical Dictionary: Notable American Women: The Modern Period: A Biographical Dictionary (Notable American Women) (Volume 4),"By Sicherman, Barbara (EDT) and Green, Carol Hurd (EDT)",8.79,5
626,Ashes of Glory: Richmond at War,"By Furgurson, Ernest B.",29.96,5
627,Orthopedic Disorders (Mosby's Clinical Nursing Series),"By Mourad, Leona A.",10.99,5
628,"God's Masterwork: A Concerto in Sixty-Six Movements : Ezra Through Daniel (Swindoll Bible Study Guides , Part 2)","By Swindoll, Charles R.",4.99,5
629,"In Buddha's Kitchen : Cooking, Being Cooked, and Other Adventures at a Meditation Center","By Snow, Kimberley",4.99,5
630,Crossing Over: The Stories Behind the Stories,"By Edward, John",13.48,5
631,Business Law: Text and Cases,"By Allison, John R., Howell, Rate A., and Prentice, Robert A.",9.77,5
632,Sea Otters: A Natural History and Guide,"By Nickerson, Roy",19.25,5
633,Becoming satisfied: A man's guide to sexual fulfillment (A Spectrum book),"By Nowinski, Joseph",6.64,5
634,Marketing,"By Keegan, Warren J., Moriarty, Sandra, Duncan, Tom",8.03,5
635,The New Yorker Cartoon Album 1975-1985,By The New Yorker,4.99,5
636,We Are America,"By Joy, Anna",10.99,5
637,Dr. Nancy Snyderman's Guide to Health: For Women over Forty,"By Blackstone, Margaret and Snyderman, Nancy L., M.D.",5.53,5
638,Unravelling,"By Graver, Elizabeth",4.99,5
639,An Obedient Father,"By Sharma, Akhil",5.29,5
640,Like the Red Panda,"By Seigel, Andrea",4.99,5
641,East Asia: From Chinese Predominance to the Rise of the Pacific Rim,"By Cotterell, Arthur",4.89,5
642,Hamlet's Mother and Other Women,"By Heilbrun, Carolyn G.",10.99,5
643,The Book of Intimate Grammar,"By Grossman, David and Rosenberg, Betsy (TRN)",5.29,5
644,Sunset Recipe Annual 1995,By Sunset Books,6.18,4
645,Ritalin Nation: Rapid-Fire Culture and the Transformation of Human Consciousness,"By Degrandpre, Richard J.",5.29,4
646,"Ashes to Ashes: America's Hundred-Year Cigarette War, the Public Health, and the Unabashed Triumph of Philip Morris","By Kluger, Richard",10.99,4
647,"Recyclopedia: Games, Science Equipment, and Crafts from Recycled Materials","By Simons, Robin",4.99,4
648,The Survival Factor,"By Birkhead, Mike and Birkhead, Tim",10.99,4
649,First and last love,"By Sheean, Vincent",23.11,4
650,Greek Mythology (An Encyclopedia Of Myth And Legend),"By Stoneman, Richard",5.29,4
651,World of Our Fathers: The Journey of The Eastern European Jews to America,"By Libo, Kenneth and Howe, Irving",5.19,4
652,Dance Of A Fallen Monk: The Twists And Turns Of A Spiritual Life,"By Fowler, George",5.29,4
653,Intervention and Reflection: Basic Issues in Medical Ethics (Philosophy),"By Munson, Ronald and Hoffman, Christopher A.",5.58,4
654,Politics of Latin American Development,By Wynia,5.29,4
655,Ronald Reagan: His Life In Pictures,"By Spada, James",8.79,4
656,Custer Story,By Rh Value Publishing,5.64,4
657,150 Years of Photo Journalism,"By Yapp, Nick",7.2,4
658,Deadlock: The Inside Story of America's Closest Election,"By Nakashima, Ellen",4.99,4
659,Truman,"By McCullough, David",6.87,4
660,Crafts of Israel,"By DAYAN, Ruth and Feinberg, Willie",8.79,4
661,"Understanding the Chesapeake, a Layman's Guide,","By Sherwood, Arthur W.",4.99,4
662,Alistair Cooke's America,"By Cooke, Alistair",7.06,4
663,The Purpose Driven Life Journal,"By Warren, Rick",4.99,4
664,Going Bridal: How to Get Married Without Losing Your Mind,"By Robbins, Li",5.29,4
665,Incidents in the Life of a Slave Girl,"By Jacobs, Harriet, Child, Lydia Maria Francis, and Brent, L.",5.29,4
666,Human Resource Management,"By Mathis, Robert L. and Jackson, John H.",7.62,4
667,Plumage,"By Springer, Nancy",5.37,4
668,The Fundamentals of Play: A Novel,"By Macy, Caitlin",5.29,4
669,Improvised Europeans: American Literary Expatriates In London,"By Zwerdling, Alex",5.7,4
670,Forever Beautiful With Rex: Makeup Strategies for the Rest of Your Life,"By Jewell, Diana Lewis, Rex (ILT), and Rex",6.0,4
671,"Best Places to Stay in the Caribbean, Sixth Edition","By Jamison, Cheryl Alters, Jamison, Bill, and Shaw, Bruce",4.99,4
672,Solve Your Child's Sleep Problems,"By Ferber, Richard",4.99,4
673,All Japan: The Catalogue of Everything Japanese,"By Dalby, Liza",10.99,4
674,The World Of Biblical Literature,"By Alter, Robert",5.29,4
675,Geography and Development: A World Regional Approach,By FISHER,7.74,4
676,Dissection of the Fetal Pig,"By Walker, Warren F.",5.29,4
677,Search for Spring,"By Miller, Moira and Deuchar, Ian (ILT)",4.99,4
678,Death bed: A detective story,"By Greenleaf, Stephen",5.29,4
679,Caring and Coping When Your Loved One is Seriously Ill,"By Grollman, Earl A.",5.29,4
680,Voice Lessons: On Becoming a (Woman) Writer,"By Mairs, Nancy",5.29,4
681,The New Face of Terrorism: Threats from Weapons of Mass Destruction,"By Cole, Benjamin and Gurr, Nadine",5.29,4
682,"The Rich Are Different: A Priceless Treasury of Quotations and Anecdotes About the Affluent, the Posh, a nd the Just Plain Loaded","By Winokur, Jon (EDT)",5.29,4
683,Mensa Presents Number Puzzles for Math Geniuses: 200 Fiendish and Intriguing Mind Games,"By Gale, Harold",5.29,4
684,Nine Innings,"By Okrent, Daniel",4.99,4
685,Real Lace: America's Irish Rich,"By Birmingham, Stephen",8.79,4
686,Call To Home: African Americans Reclaim The Rural South,"By Stack, Carol B.",5.29,4
687,The Ordinary Seaman,"By Goldman, Francisco and Golman, Francisco",4.99,4
688,"Taking on the World: Joseph and Stewart Alsop, Guardians of the American Century","By Merry, Robert W.",4.99,4
689,"Born to Rebel: Birth Order, Family Dynamics, and Creative Lives","By Sulloway, Frank J.",8.79,4
690,The Monitor Chronicles : One Sailor's Account : Today's Campaign to Recover the Civil War Wreck,"By Mariners' Museum (Newport News, Va.) (COR), Geer, George S. (EDT), and Marvel, William (EDT)",19.7,4
691,Fire in My Soul,"By Lester, Joan Steinau and Norton, Eleanor Holmes",5.53,3
692,Maryland Wits and Baltimore Bards: A Literary History with Notes on Washington Writers (Maryland Paperback Bookshelf),"By Shivers, Frank R.",4.99,3
693,War Babies,"By Busch, Frederick",4.99,3
694,How to Plant and Grow Annuals (How to Plant and Grow Series),"By Reilly, Ann",4.99,3
695,A Skeleton in God's Closet,"By Maier, Paul L.",4.99,3
696,Words & Quilts: A Selection of Quilt Poems,"By Mitchell, Felicia (EDT)",5.41,3
697,Home beermaking: The complete beginner's guidebook,"By Moore, William",4.99,3
698,"We Should Be So Lucky : Love, Sex, Food, and Fun After Forty from the Diva of QVC","By Levine, Kathy, Scovell, Jane, and Appleton, Amy Sarah",5.29,3
699,"The Order of Things: Hierarchies, Structures, and Pecking Orders","By Kuklin, Susan",6.48,3
700,Dining with the Duchess: Making Everyday Meals a Special Occasion,"By York, Sarah Mountbatten-Windsor, Duchess of",4.99,3
701,Introductory Linear Algebra With Applications,"By Kolman, Bernard and Hill, David R.",7.0,3
702,The search for Peking man,"By Janus, Christopher G.",5.29,3
703,Intimate Matters: A History of Sexuality in America,"By Freedman, Estelle B. and D'Emilio, John",6.18,3
704,Hollywood vs. America: The Explosive Bestseller that Shows How-and Why-the Entertainment Industry Has Broken Faith With Its Audience,"By Medved, Michael",5.29,3
705,Shaken Not Stirred,"By Miller, Anistatia R. and Brown, Jared M.",4.99,3
706,Henry Adams,"By Blackmur, R. P",5.88,3
707,A Hole in the Earth,"By Bausch, Robert",6.07,3
708,You Say You Want a Revolution : A Story of Information Age Politics,"By Hundt, Reed E.",5.0,3
709,Kayaking: Whitewater and Touring Basics (A Trailside Guide),"By Krauzer, Steven M.",5.29,3
710,My Country: The Story of Modern Israel,"By Eban, Abba Solomon",10.99,3
711,Praying God's Will For Your Life: A Prayerful Walk To Spiritual Well Being,"By Omartian, Stormie",5.19,3
712,The Good Black,"By Barrett, Paul M.",5.29,3
713,"An Inquiry Concerning Human Understanding: With a Supplement, An Abstract of a Treatise of Human Nature",By David Hume,5.29,3
714,The Unfinished Constitution: Philosophy and Constitutional Practice,"By Arthur, John",10.99,3
715,"PARKER'S WINE BUYER'S GUIDE, 5TH EDITION : Complete, Easy-to-Use Reference on Recent Vintages, Prices, and Ratings for More Than 8,000 Wines from All the Major Wine Regions","By Parker, Robert M., Jr.",9.89,3
716,Artificial Intelligence: How Machines Think,"By Peat, F. David",5.95,3
717,Communications and Networking for the IBM PC and Compatibles,"By Jordan, Larry E",6.6,3
718,The Macmillan Visual Desk Reference,By Diagram Group,7.93,3
719,The standard wine cook book,"By Director, Anne",4.99,3
720,"Tales Of Passion, Tales Of Woe","By Gulland, Sandra",5.29,3
721,Keeping Life Simple: 380 Tips & Ideas,"By Levine, Karen",5.29,3
722,HOLLYWOOD HUSBANDS,"By Collins, Jackie",8.78,3
723,Raise Heaven and Earth: The Story of Martin Marietta People and Their Pioneering Achievements,"By Harwood, William B.",8.79,3
724,"Learning disabilities, systemizing teaching and service delivery","By Sabatino, David A.,",7.81,3
725,The Testament of Light,"By Bullett, Gerald",4.99,3
726,The American Geriatrics Society's Complete Guide to Aging and Health: How We Age*Caring for Parents*Long-Term Care Choices*Wise Health Care Decisions* ... Care Financing*Analysis of Common Ailments,"By Williams, Mark E., M.D.",10.99,3
727,"Potter Needlework Library, The: Essentials of Sewing, Volume 2","By Patterson, Debbie (PHT), Thompson, Sue, and Coe, Miriam",4.99,3
728,Julius Caesar (Cambridge School Shakespeare),"By Shakespeare, William and Seward, Tim (EDT)",5.29,3
729,Men and Angels,"By Ward, Theodora",13.17,3
730,Debrett's book of royal children,"By Kidd, Charles and Montague-Smith, Patrick",4.99,3
731,"Rock, Roll & Remember","By Clark, Dick",30.77,3
732,"Inside the House: An irreverent guided tour through the House of Representatives, from the days of  Adam Clayton Powell to those of Peter Rodino","By Rapoport, Daniel",7.64,3
733,Everyone's Money Book,"By Goodman, Jordan Elliot and Bloch, H. I. Sonny",7.56,3
734,"The United Lutheran Church in America, 1918-1962","By Bachmann, E. Theodore, Bachmann, Mercia Brenne, and Rorem, Paul (EDT)",5.29,3
735,God's Psychiatry: Healing for the Troubled Heart and Spirit,"By Allen, Charles L.",5.29,3
736,In the Shadow of F.D.R.: From Harry Truman to Bill Clinton,"By Leuchtenburg, William E.",10.99,3
737,The Nominative Case,"By MacKin, Edward",14.62,3
738,The Dannon Book of Yogurt,"By Stuart, Sandra Lee",5.29,3
739,TERRITORIES OF THE VOICE,"By Desalvo, Louise, D'Arcy, Kathleen Walsh, and Hogan, Katherine",4.99,3
740,The sports factory: An investigation into college sports,"By Durso, Joseph",5.65,3
741,Intelligent Business Alliances: How to Profit Using Today's Most Important Strategic Tool,"By Segil, Larraine",5.29,3
742,Porterhouse Blue,"By Sharpe, Tom",4.99,3
743,Paradigms: The Business of Discovering the Future,"By Barker, Joel Arthur",4.99,3
744,Cushions & Covers: A Step-By-Step Guide to Creative Soft Furnishings (Reader's Digest: Practical Home Decorating),"By Moore, Gina",10.99,3
745,We Interrupt This Broadcast: Relive the Events That Stopped Our Lives...from the Hindenburg to the Death of Princess Diana (book with 2 audio CDs),"By Garner, Joe",5.42,3
746,Changing Places: Rebuilding Community in the Age of Sprawl,"By Moe, Richard and Wilkie, Carter",5.29,3
747,Anne Frank : The Biography,"By Kimber, Rita (TRN), Kimber, Robert (TRN), and Muller, Melissa",4.99,3
748,Muhammad: The messenger of God,"By Kelen, Betty",5.29,3
749,The Elegant Onion: The Art of Allium Cookery,"By Cavage, Betty",19.95,3
750,Awakening Corporate Soul: Four Paths to Unleash the Power of People at Work,"By Izzo, John B. and Klein, Eric",4.99,3
751,"WW II Air War : The Men, the Machines, the Missions","By Sanfelici, Arthur H. (editor)",6.2,3
752,The Puzzles of Amish Life (People's Place Book No. 10),"By Kraybill, Donald B.",4.99,3
753,A Reason For Hope: Gaining Strength for Your Fight Against Cancer,"By Barry, Michael S.",4.99,3
754,Exploring the Labyrinth: Making Sense of the New Spirituality,"By Drury, Nevill",4.99,3
755,Ending the Homework Hassle,"By Rosemond, John",4.99,3
756,The Race for the Triple Crown,"By Drape, Joe",4.99,3
757,Lewis and Clark: Doctors in the Wilderness,"By Paton, Bruce C., M.D.",4.99,3
758,The Best Intentions,"By Bergman, Ingmar and Tate, Joan (TRN)",4.99,3
759,OFFICIAL GUIDE TO THE SMITHSONIAN,"By Smithsonian Institution (COR) and Hirzy, Ellen Cochran (EDT)",5.29,3
760,Dale Earnhardt: 1951-2001,"By Moriarty, Frank",4.99,3
761,"The Insiders' Guide to Civil War Sites in the Eastern Theater, 2nd","By Gleason, Michael P.",4.99,3
762,The Mayor of Central Park,"By Avi and Floca, Brian (ILT)",4.99,3
763,Diary of an Arctic Year,"By Krasemann, Stephen J.",7.3,3
764,Don't Give It Away! : A Workbook of Self-Awareness and Self-Affirmations for Young Women,"By Vanzant, Iyanla and Wilcots, Almasi",4.89,3
765,One Day My Soul Just Opened Up: 40 Days and 40 Nights Toward Spiritual Strength and Personal Growth,"By Vanzant, Iyanla",4.99,3
766,St. John's Wort,"By Rosenthal, Norman",4.99,3
767,Long Road to Freedom: The Advocate History of the Gay and Lesbian Movement (Stonewall Inn Editions),"By Thompson, Mark (EDT)",7.03,3
768,"Escape Your Shape: How to Work Out Smarter, Not Harder","By Jackowski, Edward J., Ph.D. and Jeffers, Youzell (ILT)",4.99,3
769,Pony Express Christmas,"By Brouwer, Sigmund",5.29,3
770,Christmas Decorations from Williamsburg's Folk Art Collection,By Abby Aldrich Rockefeller Folk Art Museum,4.99,3
771,A Crafter's Book of Angels,"By Morgenthal, Deborah",5.29,3
772,Lockheed F-117A: Operation and Development of the Stealth Fighter,"By Sweetman, Bill and Goodall, James",5.29,3
773,Here: A Biography of the New American Continent,"By Depalma, Anthony",5.81,3
774,Phonics (Step Ahead),"By Cole, Kathleen A.",4.99,3
775,The World of Silent Flight,"By WOLTERS, RICHARD A.",6.0,3
776,Totline 1 2 3 Books ~ Simple Books To Make For Working With Young Children,"By Warren, Jean",5.29,3
777,Songs from the Hills: An Intimate Look at Country Music,"By Von Matthiessen, Maria",10.99,3
778,Assessing Special Students: Strategies and Procedures,"By McLoughlin, J.A., Lewis, R.B.",10.99,3
779,The transparent self,"By Jourard, Sidney M.",5.29,3
780,Islands (Scientific American Library),"By Menard, H. W.",10.99,3
781,The horn of plenty,"By Harvey, Peggy",16.16,3
782,Home Away from Home,"By Woititz, Janet Geringer",4.99,3
783,The Mammoth Cheese: A Novel,"By Holman, Sheri",4.99,3
784,"The Pearsall Guide to Successful Dog Training: Obedience ""from the Dog's Point of View""","By Pearsall, Margaret E.",4.99,3
785,America-Watching: Perspectives in the Course of an Incredible Century,"By Johnson, Gerald White",5.95,3
786,"People Power: How to Create a Lifetime Network for Business, Career, and Personal Advancement","By Fisher, Donna",5.29,3
787,"Half Empty, Half Full: Understanding the Psychological Roots of Optimism","By Vaughan, Susan C.",5.29,3
788,The Sooners,"By Willoughby, Lee Davis",4.99,3
789,Finding Birds in the National Capital Area,"By Wiilds, Claudia",5.29,3
790,Decatur house and its inhabitants,"By Beale, Marie Oge",5.67,3
791,Holy Siege: The Year That Shook Catholic America,"By Briggs, Kenneth A.",10.99,3
792,Guilty: The Collapse of Criminal Justice,"By Rothwax, Harold J.",4.99,3
793,Wings Like Eagles,By Paul A. Schweizer,5.0,3
794,Big Trouble: A Murder in a Small Western Town Sets Off a Struggle for the Soul of America,"By Lukas, J. Anthony",8.79,3
795,The Legal & Regulatory Environment of Business,"By Corley, Robert N. (EDT)",10.99,3
796,Life in a Medieval Castle,"By Gies, Joseph",4.99,3
797,Branch Rickey's Little Blue Book: Wit and Strategy from Baseball's Last Wise Man,"By Monteleone, John J. and Rickey, Branch",5.29,3
798,Music Machines American Style; A Catalog of the Exhibition,"By Hoover, Cynthia A",6.79,3
799,What Just Happened: A Chronicle from the Information Frontier,"By Gleick, James",5.29,3
800,"If You Leave Me, Can I Come Too?","By Heimel, Cynthia",5.29,3
801,Mississippi Memories: Classic American Cooking from the Heartland to the Mississippi Bayou,"By Rodgers, Rick and Delta Queen Steamboat Co.",5.41,3
802,Pioneering Ascents,"By Mazel, David (EDT)",5.37,3
803,"Feed a Cold, Starve a Fever: A Dictionary of Medical Folklore","By Rinzler, Carol Ann",5.29,3
804,The Chiangs of China,By Elmer T. Clark,15.4,3
805,"Antaeus: No. 69, Fall, 1992","By Halpern, Daniel (EDT)",4.99,3
806,The International Encyclopedia of Aviation,By Rh Value Publishing,9.82,3
807,A companion guide to the Royal Castle in Warsaw,By Jerzy Lileyko,5.29,3
808,The Dance of Anger: A Woman's Guide to Changing the Patterns of Intimate Relationships,"By Lerner, Harriet Goldhor",5.29,3
809,"Kasparov Vs. Karpov, 1990 (Cadogan Chess Books)","By Kasparov, Garry K.",4.99,3
810,Wits and Sages,"By Grauer, Neil A.",4.99,3
811,Training the Perfect Puppy: A New Owner's Guide,"By Prisco, Andrew De and De Prisco, Andrew",4.99,3
812,Bubbles Ablaze,"By Strohmeyer, Sarah",8.79,3
813,The Third Sister: A Continuation of Jane Austen's Sense and Sensibility,"By Barrett, Julia",4.99,3
814,Sociology: A Down-To-Earth Approach,"By Henslin, James M.",7.69,3
815,Breads: Step-by-Step Techniques,"By Ed, Sunset",5.29,3
816,"Death Benefit: A Lawyer Uncovers a 20-year Pattern of Seduction, Arson and Murder","By Heilbroner, David and Keeney, Steven",5.64,3
817,Making War,"By Lehman, John",4.99,3
818,Beyond Survival: New Directions for the Disarmament Movement,"By Albert, Michael (EDT) and Dellinger, Dave (EDT)",5.03,3
819,The Grand Tradition: British Art from Amherst College,"By Trapp, Frank",4.99,3
820,Surprise Party,"By Katz, William",4.99,3
821,The Family Contract: A Blueprint for Successful Parenting,"By Leftin, Howard I.",5.29,3
822,Real World Illustrator 8 (2nd Edition),"By McClelland, Deke and McClelland, Daniel",8.93,3
823,Machine Embroidery (The Potter Needlework Library),"By Burgess, Linda (PHT), Carter, Clare, and Clare, Carter",5.29,3
824,Dressed to Grill: Savvy Recipes for Girls Who Play with Fire,"By Morgan, Diane, Brooks, Karen, Darmon, Reed, and Adams, Beth (ILT)",5.29,3
825,Motherhood: The Second Oldest Profession,"By Bombeck, Erma",4.99,3
826,Shadow Money,"By Effinger, George Alec",32.95,3
827,The Book of the Month: Sixty Years of Books in American Life,"By Silverman, Al (EDT)",4.99,3
828,"The New Grove Second Viennese School: Schoenberg, Webern, Berg","By Griffiths, Paul, Neighbour, Oliver, and Perle, George",5.29,3
829,F. Scott Fitzgerald (Literary Lives),"By Mizener, Arthur",4.99,3
830,The Research Universities and Their Patrons,"By Rosenzweig, Robert M.",4.99,3
831,Sams' Teach Yourself Upgrading and Fixing PCs in 24 Hours (Teach Yourself in 24 Hours Series),"By Grimes, Galen",5.39,3
832,8-Color Country Cross-Stitch,"By Stevenson, Sarah",4.99,3
833,Living With Cannibals And Other Womens Adventures,"By Slung, Michele and Lindbergh, Reeve (INT)",5.29,3
834,A Time of Our Choosing: America's War in Iraq,"By Purdum, Todd S.",5.47,3
835,Rewriting History,"By Morris, Dick and McGann, Eileen",10.75,3
836,A journey through Oz: The business leaders road map to tracking information technology assets,"By Jesse, Chris",4.99,3
837,Girls! Girls! Girls!:  Essays on Women and Music,"By Cooper, Sarah (EDT)",4.99,3
838,The Soul of Golf,"By Hallberg, William",4.99,3
839,Surviving Schizophrenia: A Family Manual,"By Torrey, E. Fuller",5.29,3
840,Restoring Hope: Conversations on the Future of Black America,"By West, Cornel and Sealey, Kelvin Shawn",5.29,3
841,Sidelines: Behind the Scenes of America's Favorite Sport,"By Higgs, Ben",10.99,3
842,"Love Awaits: African-American Women Talk about Sex, Love, and Life","By Long, Courtney",4.99,3
843,Italian Days,"By Harrison, Barbara Grizzuti",5.64,3
844,A Romance of the Equator: The Best Fantasy Stories of Brian W. Aldiss,"By Aldiss, Brian Wilson",29.29,3
845,China After Mao (Princeton Legacy Library),"By Barnett, A. Doak (EDT)",4.99,3
846,Universal Foam: From Cappuccino to the Cosmos,"By Perkowitz, Sidney",5.29,3
847,The Leading Edge,"By Boyne, Walter J.",9.89,3
848,John Clancy's Christmas Cookbook,"By Clancy, John",5.29,3
849,Classics of Jewish Literature,"By Lieberman, Leo and Beringause, Arthur F.",9.89,3
850,Star Attraction Bulletin Boards (Troll Teacher Ideas),"By Rutmand, Shereen Gertel",5.29,3
851,Vocabulary Development: Grade 6 (Basics First),By Vicky Shiotsu,4.99,3
852,West With The Night,"By Markham, Beryl",4.99,3
853,Student Success Secrets (Barron's Educational Series),"By Jensen, Eric and McPherson, Charles (ILT)",5.29,3
854,Dragons Teeth,"By Young, John Robert",6.6,3
855,I Feel Great and You Will Too!: An Inspiring Journey of Success with Practical Tips on How to Score Big in Life,"By Cosby, Bill (FRW), Croce, Pat, and Lyon, Bill",4.99,3
856,How Is My Second Grader Doing In School? What to Expect and How to Help,"By Raymer, Dottie, Jacobson, Jennifer, and Parent-Teacher Advisory Board (COR)",5.29,3
857,How to Get a Business Loan,"By Mancuso, Joseph R.",5.29,3
858,"Why Me?: Coping With Grief, Loss and Change","By Krauss, Pesach",5.29,3
859,The Snake-stone,"By Doherty, Berlie",5.29,3
860,Empowering Technology: Implementing a U.S. Strategy,"By Branscomb, Lewis M. (EDT)",5.29,3
861,The Runaway: A Novel,"By Kay, Terry",4.99,3
862,Remediating Reading Disabilities: Simple Things That Work,"By Cook, Jimmie",7.49,3
863,The White-Flower-Farm garden book,"By Pettingill, Amos",5.29,3
864,Sky Woman Falling,"By Mitchell, Kirk",5.29,3
865,Art of the Gold Rush,"By National Museum of American Art (U. S.) (COR), Driesbach, Janice Tolhurst, Jones, Harvey, Holland, Katherine Church, Oakland Museum (COR), and Crocker Art Museum (COR)",4.99,3
866,The Birdcage Book: Antique Birdcages for Contemporary Collector,"By Garisto, Leslie",4.99,3
867,The Argument Culture: Moving from Debate to Dialogue,"By Tannen, Deborah",4.99,3
868,Lincoln and Slavery,"By Burchard, Peter",5.3,3
869,"Biology: Evolution, Diversity...",By Mader,8.77,3
870,William Faulkner: First Encounters,"By Brooks, Cleanth",4.99,3
871,Feminism and Psychoanalytic Theory,"By Chodorow, Nancy J.",5.29,3
872,Moral Freedom: The Search for Virtue in a World of Choice,"By Wolfe, Alan",5.29,3
873,Western Junior League Cookbook,"By Seranne, Ann",5.08,3
874,Charles: The untold story,"By Benson, Ross",5.54,3
875,Better Homes and Gardens Household Hints and Tips,By Better Homes and Gardens Books,10.99,3
876,Some Times in America,"By Chancellor, Alexander",4.99,3
877,Christmas Treasures: Christmas Cookies,"By Hale, Gloria (EDT)",4.99,3
878,The Perfect Christmas,"By Magruder, Anne (EDT)",5.29,3
879,"Making Cents: Every Kid's Guide to Money : How to Make It, What to Do With It","By Wilkinson, Elizabeth",5.29,3
880,Phonics 2: Sound Patterns : Preschool and K (Brighter Child),"By American Education Publishing, American",5.29,3
881,A Woman's Worth,"By Williamson, Marianne",4.99,3
882,100 Greatest Pitchers,"By Kelley, Brent",10.99,3
883,WHAT YOUR 3RD GRADER NEEDS TO KNOW (Core Knowledge Series),"By Hirsch, E. D. (EDT)",8.79,3
884,Zucchini Pumpkins and Squash OP (Artful Kitchen),"By Stang, Kathleen Desmond",5.29,3
885,Mac OS X Hacks: 100 Industrial-Strength Tips & Tricks,"By Dornfest, Rael and Hemenway, Kevin",5.29,3
886,Blast from the Past: A Novel (Kinky Friedman Novels),"By Friedman, Kinky",4.99,3
887,Gymnastics Balancing Acts,"By Lessa, Christina",5.47,2
888,Castaways of the Flying Dutchman,"By Jacques, Brian and Schoenherr, Ian (ILT)",4.99,2
889,Beast,"By Benchley, Peter",10.99,2
890,Star Bright: A Christmas Story,"By Greeley, Andrew M.",4.99,2
891,Phonics Short Vowels,"By Gregorich, Barbara",5.29,2
892,Creating Space without Adding on,"By Jones, Jack P.",5.29,2
893,Mapping the Next Millennium: The Discovery of New Geographies,"By Hall, Stephen S.",5.94,2
894,Baby Science: How Babies Really Work!,"By Douglas, Ann",4.99,2
895,Instant Decor (Decorating Made Easy),"By Sheridan, Judy",8.79,2
896,How to Get Straight A's in School and Have Fun at the Same Time,"By Green, Gordon W.",4.99,2
897,American Family Treasury,By Ideals Publications Inc,10.99,2
898,"Breakthroughs (The Great War, Book 3)","By Turtledove, Harry",6.12,2
899,"The Widow of Larkspur Inn (The Gresham Chronicles, Book 1)","By Blackwell, Lawana",5.29,2
900,Lincoln's Little War: How His Carefully Crafted Plans Went Astray,"By Garrison, Webb B.",5.29,2
901,Exploring Europe by Boat: A Practical Guide to Water Travel in Europe,"By Rogers, Barbara Radcliffe and Rogers, Stillman",4.99,1
902,"CCNA Routing and Switching Exam Cram, Second Edition (Exam: 640-507)","By Waters, Jason T., Rees, Matthew J., and Coe, Jeffrey T.",5.41,1
903,Celebrities and Their Angels,"By Montandon, Pat",4.99,1
904,Lydia Cassatt Reading the Morning Paper,"By Chessman, Harriet Scott",5.29,1
905,Ohio Angels: A Novel,"By Chessman, Harriet Scott",4.99,1
906,Now What Can I Do?,"By Sweet, Melissa (ILT) and Bridges, Margaret Park",5.29,1
907,Heavenly Date and Other Flirtations,"By McCall Smith, Alexander",5.29,1
908,Great grilling: Easy & elegant entertaining all year round,"By Davis, Hillary",5.88,1
909,9 Innings With Cal Ripken Jr.,"By Weaver, Earl and Rodriguiz, Alex",6.0,1
910,A Woman's Book of Strength,"By Andes, Karen",5.29,1
911,"The Ethnic Myth: Race, Ethnicity, and Class in America","By Steinberg, Stephen",4.99,1
912,Anyway: The Paradoxical Commandments: Finding Personal Meaning in a Crazy World,"By Keith, Kent M.",4.99,1
913,Conversations About Bernstein,"By Burton, William Westbrook (EDT)",5.29,1
914,"North Carolina Beaches: A Visit to National Seashores, State Parks, Ferries, Public Beaches, Wildlife Refuges, Historic Sites, Lighthouses, Boat Ramps and Docks, Museums, and","By Morris, Glenn and Glenn, Morris",5.38,1
915,A Singular Devotion: 366 Portraits of Singles Who Have Changed the World,"By Smith, Harold Ivan",5.29,1
916,Secret Language of the Soul: A Visual Exploration of the Spiritual World,"By Hope, Jane",4.99,1
917,Mastering Graphics: Design and Production Made Easy,"By White, Jan",5.58,1
918,Panmunjom: Facts about the Korean DMZ,By Wayne A Kirkbride,5.29,1
919,Indispensable Cat,"By Suares, Jean-Claude",7.2,1
920,Teach Yourself Cgi Programming With Perl 5 in a Week (Teach Yourself Series),"By Herrmann, Eric",10.99,1
921,Zumikon Residence,"By Gwathmey, Charles (EDT) and Gwathmey Siegel & Associates Architects (COR)",5.35,1
922,A Rendezvous With Death,"By Boyd, Bill",5.29,1
923,The egg-shaped thing,"By Hodder-Williams, Christopher",4.99,1
924,Wild Meat and the Bully Burgers (Harvest Book),"By Yamanaka, Lois-Ann",4.99,1
925,Word,"By Felske, Coerte V. W.",4.99,1
926,The Brown Parrots of Providencia,"By Allen, Fergus",4.99,1
927,Total Eclipse,"By Hampton, Christopher",4.99,1
928,Mr. Whittier,"By Vining, Elizabeth Gray",16.16,1
929,The Bottom Line Is Murder (A Viking Novel of Mystery and Suspense),"By Eversz, Robert",5.29,1
930,The Four Seasons Spa Cuisine,"By Renggli, Seppi",10.99,1
931,Terence Conran's do-it-yourself with style: [over thirty original designs for every room in your home],"By Conran, Terence",7.36,1
932,Infinite Vistas: New Tools for Astronomy,"By Cornell, James (EDT) and Carr, John (EDT)",5.36,1
933,Harley Davidson Rolling Sculpture,"By Mitchel, Doug",7.25,1
934,Life Lines: Holding on (and Letting Go),"By Church, F. Forrester",5.29,1
935,The Elfreth Book of Letters,"By Hodge, Susan Winslow (EDT)",4.99,1
936,Starting to Draw (Artist's Painting Library),"By Blake, Wendon",4.99,1
937,The Story of the Bible,"By Pingry, Patricia A.",4.99,1
938,"Arabs, Christians, Jews: They want peace now!","By Hefley, James C.",7.8,1
939,At War with Ourselves: Why America Is Squandering Its Chance to Build a Better World,"By Hirsh, Michael",4.99,1
940,Nijinski,"By Brighton, Catherine",5.29,1
941,Israel After Begin: Israel's Options in the Aftermath of the Lebanon War,"By Gavron, Daniel",6.19,1
942,Caring for Cats,"By Morris, Andrew",5.39,1
943,A City on the River,"By MacLeish, Roderick",10.99,1
944,"New World archaeology: theoretical and cultural transformations;: Readings from Scientific American,","By Zubrow, Ezra B. W., etc., Fritz, Margaret C.",4.99,1
945,Go for the Goal: Motivational Stories about Men of Achievement,"By Partner, Daniel",5.29,1
946,The Illustrated Lark Rise to Candleford: A Trilogy by Flora Thompson,"By Thompson, Flora and Shuckburgh, Julian",10.99,1
947,The Artist As Native: Reinventing Regionalism,"By Gussow, Alan",5.29,1
948,Solving Patient Problems: Ambulatory Care (Clerkship Series),"By Bowman, Marjorie A. (EDT) and Fisher, Judith A. (EDT)",5.29,1
949,"Human evolution;: An introduction to man's adaptations,","By Campbell, Bernard G",5.88,1
950,Dead Men Don't Marry,"By Sucher, Dorothy",13.13,1
951,John Stanislaus Joyce: The Voluminous Life and Genius of James Joyce's Father,"By Costello, Peter and Jackson, John Wyse",10.99,1
952,To love a stranger,"By Paul, Barbara",27.83,1
953,The Second Shift,"By Hochschild, Arlie Russell and Machung, Anne",5.29,1
954,American Wine (No. 80782),"By Meisel, Anthony C.",8.79,1
955,Marlene: An Intimate Photographic Memoir,"By Liberman, Alexander",8.79,1
956,Legacy of the Cat,"By Stephens, Gloria and Yamazaki, Tetsu (PHT)",5.53,1
957,Food--Your Miracle Medicine,"By Carper, Jean",4.99,1
958,Joe Morgan: A Life in Baseball,"By Falkner, David and Morgan, Joe",8.0,1
959,"The Age of Exuberance 1550-1700 (Making of Britain, 1066-1939)","By Reed, Michael A.",5.67,1
960,Good Earth & Country Cooking,"By Groff, Betty",5.58,1
961,King of the Gypsies,"By Maas, Peter",7.09,1
962,Cross-country ski waxing and maintenance,"By Williams, Wendy",4.99,1
963,Hot Hips and Fabulous Thighs: Look Great in Just 6 Weeks,"By Darden, Ellington",5.29,1
964,Deserts: Miracle of Life,"By Flegg, Jim",10.99,1
965,"The Book Lover's Guide to Washington, D.C.","By Phalen, Lane",5.29,1
966,Hour of the Manatee (Tony Lowell Mysteries),"By Ayres, E. C.",5.29,1
967,Jim Coleman's Flavors,"By Harrisson, John, Coleman, Jim, and Hagan, Candace",5.88,1
968,"Homelands and Waterways: The American Journey of the Bond Family, 1846-1926","By Alexander, Adele Logan",19.25,1
969,"Wilson's Ghost: Reducing the Risk of Conflict, Killing, and Catastrophe in the 21st Century","By McNamara, Robert S. and Blight, James G.",4.99,1
970,Civil Wars: A Battle for Gay Marriage,"By Moats, David",5.89,1
971,Jane Austen (Literary Lives Series),"By Laski, Marghanita",5.29,1
972,Better Homes and Gardens Annual Recipes 1998,"By Bh, G",6.54,1
973,This Side of Brightness,"By McCann, Colum",4.99,1
974,Whitey & the Colt-Killer,"By Rounds, Glen",4.99,1
975,"She Wins, You Win: The Most Important Rule Every Businesswoman Needs to Know","By Evans, Gail",4.99,1
976,Spirits in the Sky: Classic Aircraft of World War II,"By Bowman, Martin W. and Bunce, Patrick (PHT)",8.79,1
977,Cat Catalog: The Ultimate Cat Book,By,8.79,1
978,Transformative Adventures Vacations & Retreats: An International Directory of 300+ Host Organizations,"By Benson, John",5.34,1
979,"Cato Supreme Court Review, 2002-2003","By Swanson, James L.",5.29,1
980,Stealing Home,"By O'Connor, Philip F.",5.29,1
981,Blade Dancer,"By Viehl, S. L.",4.99,1
982,Humphrey Bogart,"By Benchley, Nathaniel",5.88,1
983,"Joan Lunden's Healthy Living: A Practical, Inspirational Guide to Creating Balance in Your Life","By Lunden, Joan and Morton, Laura",4.99,1
984,Group Dynamics (Psychology),"By Forsyth, Donelson R.",10.99,1
985,Professional ASP XML,"By Mohr, Stephen, Baartse, Mark (EDT), Hahn, Steven, Loesgen, Brian, Blair, Richard, Homer, Alex, Haines, Corey, Dalvi, Dinar, Slater, John, Zucca, Mario, Bolognese, Luca, Williams, Kevin, and Kropog, Bill",6.66,1
986,Here and Nowhere Else : Late Seasons of a Farm and Its Family (Concord Library Book),"By Brox, Jane",4.99,1
987,Vital statistics,"By Chastain, Thomas",5.96,1
988,Wallace,"By Reese, Peter",4.99,1
989,Pulling Weeds Planting Seeds: Growing Character in Your Life and Family,"By Rainey, Dennis",5.29,1
990,Tabloid Dreams: Stories,"By Butler, Robert Olen",5.29,1
991,Mickey Mantle Memorabilia (Sports Collectors Digest) The #1 Guide to #7's Memorabilia,"By Hines, Rick, Larson, Mark K., and Platta, Dave",7.34,1
992,Blueprint for the Environment: A Plan for Federal Action,By,5.98,1
993,The Little Secret That Can Change Your Life,"By Davis, Joann",5.29,1
994,Cranmer,"By Knickmeyer, Steve",25.04,1
995,Killobyte,"By Anthony, Piers",5.29,1
996,Principles and Practice of Psychopharmacotherapy,"By Janicak, Philip G., Davis, John M., Preskorn, Sheldon H., M.D., and Ayd, Frank J., Jr.",7.43,1
997,Photography For Dummies (For Dummies (Computer/Tech)),"By Hart, Russell and Richards, Dan",4.99,1
998,Opening Financial Markets: Banking Politics on the Pacific Rim (Cornell Studies in Political Economy),"By Pauly, Louis W.",5.29,1
