PaymentID,OrderID,PaymentMethod,PaymentStatus
1,24,Credit Card,Completed
2,25,PayPal,Completed
3,26,Cash,Pending
4,27,Credit Card,Completed
5,28,PayPal,Pending
6,29,Cash,Completed
7,30,Credit Card,Completed
8,31,PayPal,Pending
9,32,Cash,Completed
10,33,Credit Card,Completed
11,34,PayPal,Pending
12,35,Cash,Completed
13,36,Credit Card,Completed
14,37,PayPal,Pending
15,38,Cash,Completed
16,39,Credit Card,Completed
17,40,PayPal,Pending
18,41,Cash,Completed
19,42,Credit Card,Completed
20,43,PayPal,Pending
21,44,Cash,Completed
22,45,Credit Card,Completed
23,46,PayPal,Pending
24,47,Cash,Completed
25,48,Credit Card,Completed
26,49,PayPal,Pending
27,50,Cash,Completed
28,51,Credit Card,Completed
29,52,PayPal,Pending
30,53,Cash,Completed
31,54,Credit Card,Completed
32,55,PayPal,Pending
33,56,Cash,Completed
34,57,Credit Card,Completed
35,58,PayPal,Pending
36,59,Cash,Completed
37,60,Credit Card,Completed
38,61,PayPal,Pending
39,62,Cash,Completed
40,63,Credit Card,Completed
41,64,PayPal,Pending
42,65,Cash,Completed
43,66,Credit Card,Completed
44,67,PayPal,Pending
45,68,Cash,Completed
46,69,Credit Card,Completed
47,70,PayPal,Pending
48,71,Cash,Completed
49,72,Credit Card,Completed
50,73,PayPal,Pending
51,74,Cash,Completed
52,75,Credit Card,Completed
53,76,PayPal,Pending
54,77,Cash,Completed
55,78,Credit Card,Completed
56,79,PayPal,Pending
57,80,Cash,Completed
58,81,Credit Card,Completed
59,82,PayPal,Pending
60,83,Cash,Completed
61,84,Credit Card,Completed
62,85,PayPal,Pending
63,86,Cash,Completed
64,87,Credit Card,Completed
65,88,PayPal,Pending
66,89,Cash,Completed
67,90,Credit Card,Completed
68,91,PayPal,Pending
69,92,Cash,Completed
70,93,Credit Card,Completed
71,94,PayPal,Pending
72,95,Cash,Completed
73,96,Credit Card,Completed
74,97,PayPal,Pending
75,98,Cash,Completed
76,99,Credit Card,Completed
77,100,PayPal,Pending
78,101,Cash,Completed
79,102,Credit Card,Completed
80,103,PayPal,Pending
81,104,Cash,Completed
82,105,Credit Card,Completed
83,106,PayPal,Pending
84,107,Cash,Completed
85,108,Credit Card,Completed
86,109,PayPal,Pending
87,110,Cash,Completed
88,111,Credit Card,Completed
89,112,PayPal,Pending
90,113,Cash,Completed
91,114,Credit Card,Completed
92,115,PayPal,Pending
93,116,Cash,Completed
94,117,Credit Card,Completed
95,118,PayPal,Pending
96,119,Cash,Completed
97,120,Credit Card,Completed
98,121,PayPal,Pending
99,122,Cash,Completed
100,123,Credit Card,Completed
101,124,PayPal,Pending
102,125,Cash,Completed
103,126,Credit Card,Completed
104,127,PayPal,Pending
105,128,Cash,Completed
106,129,Credit Card,Completed
107,130,PayPal,Pending
108,131,Cash,Completed
109,132,Credit Card,Completed
110,133,PayPal,Pending
111,134,Cash,Completed
112,135,Credit Card,Completed
113,136,PayPal,Pending
114,137,Cash,Completed
115,138,Credit Card,Completed
116,139,PayPal,Pending
117,140,Cash,Completed
118,141,Credit Card,Completed
119,142,PayPal,Pending
120,143,Cash,Completed
121,144,Credit Card,Completed
122,145,PayPal,Pending
123,146,Cash,Completed
124,147,Credit Card,Completed
125,148,PayPal,Pending
126,149,Cash,Completed
127,150,Credit Card,Completed
128,151,PayPal,Pending
129,152,Cash,Completed
130,153,Credit Card,Completed
131,154,PayPal,Pending
132,155,Cash,Completed
133,156,Credit Card,Completed
134,157,PayPal,Pending
135,158,Cash,Completed
136,159,Credit Card,Completed
137,160,PayPal,Pending
138,161,Cash,Completed
139,162,Credit Card,Completed
140,163,PayPal,Pending
141,164,Cash,Completed
142,165,Credit Card,Completed
143,166,PayPal,Pending
144,167,Cash,Completed
145,168,Credit Card,Completed
146,169,PayPal,Pending
147,170,Cash,Completed
148,171,Credit Card,Completed
149,172,PayPal,Pending
150,173,Cash,Completed
151,174,Credit Card,Completed
152,175,PayPal,Pending
153,176,Cash,Completed
154,177,Credit Card,Completed
155,178,PayPal,Pending
156,179,Cash,Completed
157,180,Credit Card,Completed
158,181,PayPal,Pending
159,182,Cash,Completed
160,183,Credit Card,Completed
161,184,PayPal,Pending
162,185,Cash,Completed
163,186,Credit Card,Completed
164,187,PayPal,Pending
165,188,Cash,Completed
166,189,Credit Card,Completed
167,190,PayPal,Pending
168,191,Cash,Completed
169,192,Credit Card,Completed
170,193,PayPal,Pending
171,194,Cash,Completed
172,195,Credit Card,Completed
173,196,PayPal,Pending
174,197,Cash,Completed
175,198,Credit Card,Completed
176,199,PayPal,Pending
177,200,Cash,Completed
178,201,Credit Card,Completed
179,202,PayPal,Pending
180,203,Cash,Completed
181,204,Credit Card,Completed
182,205,PayPal,Pending
183,206,Cash,Completed
184,207,Credit Card,Completed
185,208,PayPal,Pending
186,209,Cash,Completed
187,210,Credit Card,Completed
188,211,PayPal,Pending
189,212,Cash,Completed
190,213,Credit Card,Completed
191,214,PayPal,Pending
192,215,Cash,Completed
193,216,Credit Card,Completed
194,217,PayPal,Pending
195,218,Cash,Completed
196,219,Credit Card,Completed
197,220,PayPal,Pending
198,221,Cash,Completed
199,222,Credit Card,Completed
200,223,PayPal,Pending
201,224,Cash,Completed
202,225,Credit Card,Completed
203,226,PayPal,Pending
204,227,Cash,Completed
205,228,Credit Card,Completed
206,229,PayPal,Pending
207,230,Cash,Completed
208,231,Credit Card,Completed
209,232,PayPal,Pending
210,233,Cash,Completed
211,234,Credit Card,Completed
212,235,PayPal,Pending
213,236,Cash,Completed
214,237,Credit Card,Completed
215,238,PayPal,Pending
216,239,Cash,Completed
217,240,Credit Card,Completed
218,241,PayPal,Pending
219,242,Cash,Completed
220,243,Credit Card,Completed
221,244,PayPal,Pending
222,245,Cash,Completed
223,246,Credit Card,Completed
224,247,PayPal,Pending
225,248,Cash,Completed
226,249,Credit Card,Completed
227,250,PayPal,Pending
228,251,Cash,Completed
229,252,Credit Card,Completed
230,253,PayPal,Pending
231,254,Cash,Completed
232,255,Credit Card,Completed
233,256,PayPal,Pending
234,257,Cash,Completed
235,258,Credit Card,Completed
236,259,PayPal,Pending
237,260,Cash,Completed
238,261,Credit Card,Completed
239,262,PayPal,Pending
240,263,Cash,Completed
241,264,Credit Card,Completed
242,265,PayPal,Pending
243,266,Cash,Completed
244,267,Credit Card,Completed
245,268,PayPal,Pending
246,269,Cash,Completed
247,270,Credit Card,Completed
248,271,PayPal,Pending
249,272,Cash,Completed
250,273,Credit Card,Completed
251,274,PayPal,Pending
252,275,Cash,Completed
253,276,Credit Card,Completed
254,277,PayPal,Pending
255,278,Cash,Completed
256,279,Credit Card,Completed
257,280,PayPal,Pending
258,281,Cash,Completed
259,282,Credit Card,Completed
260,283,PayPal,Pending
261,284,Cash,Completed
262,285,Credit Card,Completed
263,286,PayPal,Pending
264,287,Cash,Completed
265,288,Credit Card,Completed
266,289,PayPal,Pending
267,290,Cash,Completed
268,291,Credit Card,Completed
269,292,PayPal,Pending
270,293,Cash,Completed
271,294,Credit Card,Completed
272,295,PayPal,Pending
273,296,Cash,Completed
274,297,Credit Card,Completed
275,298,PayPal,Pending
276,299,Cash,Completed
